0,1,2
66.0,165.0,1.0
64.0,189.0,1.0
66.0,106.0,1.0
62.0,132.0,1.0
50.0,153.0,1.0
68.0,135.0,1.0
64.0,197.0,1.0
68.0,190.0,1.0
64.0,147.0,1.0
67.0,104.0,1.0
65.0,160.0,1.0
52.0,168.0,1.0
68.0,146.0,1.0
58.0,186.0,1.0
58.0,188.0,1.0
65.0,183.0,1.0
64.0,119.0,1.0
62.0,134.0,1.0
69.0,166.0,1.0
52.0,169.0,1.0
58.0,181.0,1.0
60.0,179.0,1.0
52.0,162.0,1.0
64.0,124.0,1.0
53.0,113.0,1.0
68.0,177.0,1.0
64.0,174.0,1.0
50.0,100.0,1.0
66.0,140.0,1.0
63.0,100.0,1.0
55.0,170.0,1.0
69.0,100.0,1.0
67.0,122.0,1.0
67.0,199.0,1.0
57.0,191.0,1.0
52.0,177.0,1.0
69.0,128.0,1.0
61.0,180.0,1.0
51.0,116.0,1.0
54.0,199.0,1.0
68.0,103.0,1.0
67.0,140.0,1.0
63.0,121.0,1.0
57.0,145.0,1.0
55.0,132.0,1.0
57.0,112.0,1.0
51.0,140.0,1.0
61.0,147.0,1.0
65.0,170.0,1.0
55.0,171.0,1.0
68.0,144.0,1.0
67.0,145.0,1.0
58.0,132.0,1.0
58.0,140.0,1.0
69.0,195.0,1.0
65.0,143.0,1.0
52.0,157.0,1.0
55.0,178.0,1.0
66.0,118.0,1.0
68.0,135.0,1.0
63.0,166.0,1.0
66.0,141.0,1.0
63.0,194.0,1.0
57.0,161.0,1.0
57.0,127.0,1.0
55.0,116.0,1.0
60.0,195.0,1.0
54.0,138.0,1.0
69.0,163.0,1.0
50.0,129.0,1.0
50.0,199.0,1.0
64.0,139.0,1.0
55.0,128.0,1.0
65.0,131.0,1.0
62.0,200.0,1.0
55.0,156.0,1.0
59.0,108.0,1.0
69.0,101.0,1.0
62.0,174.0,1.0
64.0,156.0,1.0
68.0,190.0,1.0
55.0,186.0,1.0
67.0,151.0,1.0
63.0,178.0,1.0
54.0,178.0,1.0
56.0,126.0,1.0
55.0,163.0,1.0
59.0,168.0,1.0
55.0,172.0,1.0
56.0,172.0,1.0
62.0,123.0,1.0
53.0,192.0,1.0
67.0,184.0,1.0
67.0,127.0,1.0
53.0,199.0,1.0
66.0,131.0,1.0
51.0,118.0,1.0
56.0,150.0,1.0
66.0,147.0,1.0
57.0,101.0,1.0
65.0,171.0,1.0
53.0,108.0,1.0
69.0,191.0,1.0
59.0,168.0,1.0
56.0,122.0,1.0
65.0,194.0,1.0
51.0,162.0,1.0
61.0,124.0,1.0
65.0,143.0,1.0
59.0,160.0,1.0
63.0,130.0,1.0
60.0,176.0,1.0
59.0,175.0,1.0
58.0,122.0,1.0
54.0,152.0,1.0
53.0,193.0,1.0
58.0,140.0,1.0
55.0,200.0,1.0
53.0,152.0,1.0
50.0,111.0,1.0
56.0,181.0,1.0
57.0,103.0,1.0
50.0,197.0,1.0
64.0,174.0,1.0
52.0,123.0,1.0
63.0,178.0,1.0
64.0,144.0,1.0
53.0,138.0,1.0
52.0,100.0,1.0
66.0,115.0,1.0
65.0,189.0,1.0
52.0,165.0,1.0
66.0,152.0,1.0
58.0,195.0,1.0
62.0,131.0,1.0
68.0,185.0,1.0
59.0,121.0,1.0
51.0,151.0,1.0
65.0,147.0,1.0
59.0,128.0,1.0
66.0,159.0,1.0
53.0,142.0,1.0
61.0,101.0,1.0
68.0,166.0,1.0
64.0,146.0,1.0
56.0,122.0,1.0
53.0,160.0,1.0
55.0,128.0,1.0
53.0,151.0,1.0
61.0,147.0,1.0
51.0,114.0,1.0
60.0,189.0,1.0
59.0,168.0,1.0
63.0,106.0,1.0
50.0,113.0,1.0
56.0,162.0,1.0
59.0,181.0,1.0
69.0,198.0,1.0
57.0,162.0,1.0
66.0,134.0,1.0
64.0,147.0,1.0
56.0,188.0,1.0
62.0,100.0,1.0
62.0,193.0,1.0
52.0,143.0,1.0
54.0,103.0,1.0
56.0,184.0,1.0
62.0,173.0,1.0
58.0,163.0,1.0
50.0,176.0,1.0
62.0,133.0,1.0
62.0,136.0,1.0
62.0,145.0,1.0
66.0,193.0,1.0
67.0,144.0,1.0
60.0,197.0,1.0
67.0,188.0,1.0
66.0,113.0,1.0
61.0,173.0,1.0
58.0,195.0,1.0
62.0,199.0,1.0
51.0,191.0,1.0
57.0,159.0,1.0
59.0,149.0,1.0
58.0,137.0,1.0
51.0,134.0,1.0
55.0,192.0,1.0
66.0,132.0,1.0
58.0,131.0,1.0
66.0,166.0,1.0
50.0,196.0,1.0
54.0,196.0,1.0
60.0,189.0,1.0
69.0,189.0,1.0
69.0,158.0,1.0
63.0,147.0,1.0
60.0,158.0,1.0
67.0,116.0,1.0
56.0,120.0,1.0
62.0,200.0,1.0
69.0,127.0,1.0
52.0,149.0,1.0
50.0,157.0,1.0
65.0,121.0,1.0
67.0,136.0,1.0
68.0,182.0,1.0
59.0,110.0,1.0
53.0,151.0,1.0
58.0,134.0,1.0
54.0,125.0,1.0
62.0,145.0,1.0
64.0,163.0,1.0
60.0,127.0,1.0
54.0,193.0,1.0
63.0,131.0,1.0
60.0,186.0,1.0
53.0,189.0,1.0
58.0,154.0,1.0
50.0,105.0,1.0
50.0,120.0,1.0
67.0,109.0,1.0
54.0,175.0,1.0
55.0,123.0,1.0
58.0,192.0,1.0
50.0,189.0,1.0
55.0,140.0,1.0
61.0,104.0,1.0
67.0,154.0,1.0
58.0,179.0,1.0
62.0,138.0,1.0
58.0,127.0,1.0
55.0,182.0,1.0
65.0,112.0,1.0
69.0,137.0,1.0
58.0,199.0,1.0
52.0,118.0,1.0
64.0,167.0,1.0
64.0,164.0,1.0
69.0,162.0,1.0
63.0,112.0,1.0
51.0,144.0,1.0
67.0,175.0,1.0
64.0,112.0,1.0
51.0,198.0,1.0
57.0,191.0,1.0
56.0,149.0,1.0
54.0,112.0,1.0
65.0,191.0,1.0
64.0,130.0,1.0
69.0,113.0,1.0
62.0,125.0,1.0
58.0,126.0,1.0
65.0,127.0,1.0
69.0,182.0,1.0
50.0,147.0,1.0
57.0,181.0,1.0
64.0,158.0,1.0
62.0,171.0,1.0
63.0,107.0,1.0
68.0,157.0,1.0
63.0,118.0,1.0
65.0,155.0,1.0
69.0,114.0,1.0
59.0,173.0,1.0
53.0,161.0,1.0
61.0,124.0,1.0
66.0,193.0,1.0
56.0,141.0,1.0
56.0,130.0,1.0
61.0,100.0,1.0
61.0,178.0,1.0
57.0,150.0,1.0
63.0,152.0,1.0
57.0,145.0,1.0
51.0,141.0,1.0
64.0,126.0,1.0
62.0,129.0,1.0
54.0,155.0,1.0
63.0,189.0,1.0
69.0,123.0,1.0
68.0,185.0,1.0
65.0,190.0,1.0
58.0,166.0,1.0
63.0,196.0,1.0
58.0,147.0,1.0
54.0,132.0,1.0
65.0,125.0,1.0
50.0,119.0,1.0
61.0,199.0,1.0
52.0,135.0,1.0
52.0,130.0,1.0
50.0,158.0,1.0
65.0,105.0,1.0
65.0,128.0,1.0
59.0,126.0,1.0
67.0,159.0,1.0
51.0,119.0,1.0
66.0,116.0,1.0
56.0,172.0,1.0
60.0,177.0,1.0
65.0,144.0,1.0
60.0,137.0,1.0
69.0,115.0,1.0
69.0,114.0,1.0
59.0,148.0,1.0
67.0,110.0,1.0
61.0,176.0,1.0
66.0,163.0,1.0
54.0,171.0,1.0
50.0,182.0,1.0
65.0,152.0,1.0
66.0,187.0,1.0
50.0,116.0,1.0
56.0,133.0,1.0
63.0,152.0,1.0
52.0,149.0,1.0
50.0,122.0,1.0
57.0,122.0,1.0
54.0,154.0,1.0
56.0,120.0,1.0
56.0,180.0,1.0
66.0,172.0,1.0
59.0,187.0,1.0
50.0,155.0,1.0
58.0,147.0,1.0
52.0,137.0,1.0
67.0,109.0,1.0
65.0,114.0,1.0
56.0,181.0,1.0
69.0,126.0,1.0
64.0,148.0,1.0
53.0,149.0,1.0
62.0,119.0,1.0
58.0,172.0,1.0
58.0,129.0,1.0
58.0,180.0,1.0
54.0,101.0,1.0
55.0,111.0,1.0
55.0,198.0,1.0
57.0,174.0,1.0
51.0,158.0,1.0
65.0,172.0,1.0
57.0,108.0,1.0
62.0,100.0,1.0
67.0,125.0,1.0
56.0,116.0,1.0
65.0,153.0,1.0
65.0,147.0,1.0
54.0,196.0,1.0
59.0,120.0,1.0
68.0,120.0,1.0
57.0,174.0,1.0
69.0,146.0,1.0
68.0,103.0,1.0
63.0,175.0,1.0
51.0,152.0,1.0
61.0,175.0,1.0
52.0,156.0,1.0
62.0,171.0,1.0
63.0,170.0,1.0
66.0,159.0,1.0
53.0,113.0,1.0
65.0,139.0,1.0
63.0,153.0,1.0
57.0,164.0,1.0
54.0,175.0,1.0
54.0,198.0,1.0
66.0,167.0,1.0
68.0,181.0,1.0
56.0,114.0,1.0
64.0,115.0,1.0
62.0,139.0,1.0
57.0,143.0,1.0
50.0,143.0,1.0
59.0,180.0,1.0
52.0,113.0,1.0
51.0,159.0,1.0
54.0,121.0,1.0
58.0,137.0,1.0
63.0,106.0,1.0
56.0,108.0,1.0
53.0,133.0,1.0
56.0,179.0,1.0
58.0,153.0,1.0
66.0,115.0,1.0
62.0,125.0,1.0
59.0,108.0,1.0
64.0,146.0,1.0
67.0,107.0,1.0
63.0,147.0,1.0
67.0,159.0,1.0
68.0,140.0,1.0
56.0,172.0,1.0
61.0,127.0,1.0
53.0,131.0,1.0
54.0,191.0,1.0
56.0,138.0,1.0
54.0,142.0,1.0
60.0,154.0,1.0
54.0,195.0,1.0
58.0,151.0,1.0
53.0,118.0,1.0
56.0,107.0,1.0
59.0,135.0,1.0
62.0,112.0,1.0
57.0,137.0,1.0
64.0,178.0,1.0
68.0,108.0,1.0
56.0,156.0,1.0
55.0,108.0,1.0
60.0,122.0,1.0
59.0,159.0,1.0
56.0,182.0,1.0
63.0,177.0,1.0
59.0,167.0,1.0
59.0,190.0,1.0
52.0,181.0,1.0
62.0,101.0,1.0
60.0,139.0,1.0
58.0,140.0,1.0
55.0,197.0,1.0
54.0,138.0,1.0
50.0,151.0,1.0
58.0,119.0,1.0
51.0,160.0,1.0
52.0,166.0,1.0
56.0,187.0,1.0
59.0,113.0,1.0
65.0,151.0,1.0
58.0,170.0,1.0
50.0,117.0,1.0
63.0,158.0,1.0
61.0,196.0,1.0
60.0,109.0,1.0
54.0,108.0,1.0
60.0,122.0,1.0
54.0,177.0,1.0
65.0,121.0,1.0
68.0,200.0,1.0
54.0,179.0,1.0
68.0,200.0,1.0
68.0,183.0,1.0
52.0,102.0,1.0
55.0,101.0,1.0
50.0,162.0,1.0
57.0,104.0,1.0
66.0,159.0,1.0
67.0,178.0,1.0
65.0,111.0,1.0
68.0,199.0,1.0
51.0,159.0,1.0
67.0,199.0,1.0
53.0,177.0,1.0
68.0,177.0,1.0
59.0,193.0,1.0
66.0,190.0,1.0
53.0,137.0,1.0
68.0,160.0,1.0
60.0,174.0,1.0
57.0,109.0,1.0
59.0,119.0,1.0
58.0,104.0,1.0
67.0,166.0,1.0
54.0,113.0,1.0
54.0,194.0,1.0
51.0,152.0,1.0
69.0,185.0,1.0
66.0,151.0,1.0
53.0,140.0,1.0
65.0,112.0,1.0
63.0,173.0,1.0
62.0,120.0,1.0
53.0,129.0,1.0
66.0,120.0,1.0
58.0,103.0,1.0
52.0,179.0,1.0
62.0,127.0,1.0
56.0,182.0,1.0
56.0,124.0,1.0
56.0,100.0,1.0
67.0,102.0,1.0
62.0,149.0,1.0
51.0,154.0,1.0
60.0,129.0,1.0
59.0,136.0,1.0
64.0,136.0,1.0
67.0,142.0,1.0
62.0,155.0,1.0
69.0,193.0,1.0
67.0,196.0,1.0
54.0,103.0,1.0
66.0,188.0,1.0
54.0,115.0,1.0
67.0,193.0,1.0
60.0,143.0,1.0
66.0,144.0,1.0
66.0,177.0,1.0
52.0,158.0,1.0
68.0,147.0,1.0
61.0,155.0,1.0
87.0,196.0,1.0
93.0,197.0,1.0
99.0,157.0,1.0
85.0,178.0,1.0
82.0,113.0,1.0
98.0,154.0,1.0
86.0,147.0,1.0
92.0,170.0,1.0
84.0,183.0,1.0
81.0,168.0,1.0
100.0,179.0,1.0
86.0,197.0,1.0
83.0,141.0,1.0
90.0,109.0,1.0
86.0,134.0,1.0
83.0,103.0,1.0
94.0,174.0,1.0
83.0,152.0,1.0
92.0,117.0,1.0
96.0,138.0,1.0
89.0,197.0,1.0
82.0,111.0,1.0
97.0,144.0,1.0
96.0,134.0,1.0
86.0,150.0,1.0
83.0,164.0,1.0
88.0,160.0,1.0
99.0,171.0,1.0
83.0,167.0,1.0
88.0,134.0,1.0
82.0,187.0,1.0
92.0,105.0,1.0
92.0,194.0,1.0
89.0,127.0,1.0
97.0,104.0,1.0
88.0,173.0,1.0
93.0,161.0,1.0
85.0,148.0,1.0
93.0,141.0,1.0
93.0,145.0,1.0
94.0,194.0,1.0
100.0,116.0,1.0
93.0,167.0,1.0
85.0,142.0,1.0
99.0,192.0,1.0
86.0,185.0,1.0
90.0,155.0,1.0
92.0,134.0,1.0
86.0,121.0,1.0
94.0,167.0,1.0
93.0,148.0,1.0
95.0,180.0,1.0
86.0,125.0,1.0
89.0,184.0,1.0
99.0,180.0,1.0
83.0,149.0,1.0
91.0,196.0,1.0
93.0,155.0,1.0
92.0,162.0,1.0
92.0,185.0,1.0
89.0,142.0,1.0
84.0,139.0,1.0
96.0,151.0,1.0
85.0,130.0,1.0
88.0,130.0,1.0
97.0,186.0,1.0
97.0,126.0,1.0
99.0,102.0,1.0
92.0,128.0,1.0
99.0,195.0,1.0
90.0,192.0,1.0
100.0,190.0,1.0
89.0,195.0,1.0
81.0,106.0,1.0
100.0,150.0,1.0
88.0,127.0,1.0
87.0,116.0,1.0
97.0,143.0,1.0
83.0,145.0,1.0
92.0,134.0,1.0
88.0,140.0,1.0
94.0,123.0,1.0
92.0,144.0,1.0
90.0,127.0,1.0
85.0,122.0,1.0
98.0,173.0,1.0
95.0,129.0,1.0
86.0,183.0,1.0
86.0,128.0,1.0
97.0,130.0,1.0
96.0,124.0,1.0
88.0,100.0,1.0
92.0,111.0,1.0
87.0,142.0,1.0
100.0,116.0,1.0
85.0,155.0,1.0
96.0,116.0,1.0
97.0,110.0,1.0
86.0,157.0,1.0
83.0,147.0,1.0
81.0,179.0,1.0
97.0,127.0,1.0
85.0,138.0,1.0
95.0,146.0,1.0
92.0,171.0,1.0
82.0,151.0,1.0
86.0,145.0,1.0
87.0,155.0,1.0
100.0,103.0,1.0
81.0,144.0,1.0
88.0,181.0,1.0
81.0,163.0,1.0
99.0,104.0,1.0
88.0,159.0,1.0
98.0,154.0,1.0
95.0,138.0,1.0
92.0,167.0,1.0
94.0,148.0,1.0
86.0,193.0,1.0
100.0,114.0,1.0
89.0,191.0,1.0
97.0,165.0,1.0
98.0,116.0,1.0
84.0,108.0,1.0
81.0,158.0,1.0
81.0,154.0,1.0
82.0,198.0,1.0
88.0,155.0,1.0
84.0,180.0,1.0
97.0,137.0,1.0
100.0,187.0,1.0
95.0,174.0,1.0
98.0,152.0,1.0
86.0,176.0,1.0
92.0,164.0,1.0
96.0,127.0,1.0
98.0,198.0,1.0
91.0,149.0,1.0
83.0,153.0,1.0
86.0,175.0,1.0
92.0,106.0,1.0
95.0,146.0,1.0
89.0,104.0,1.0
98.0,170.0,1.0
95.0,103.0,1.0
86.0,184.0,1.0
83.0,100.0,1.0
86.0,146.0,1.0
98.0,107.0,1.0
88.0,162.0,1.0
94.0,147.0,1.0
90.0,132.0,1.0
84.0,100.0,1.0
84.0,172.0,1.0
87.0,138.0,1.0
84.0,175.0,1.0
94.0,146.0,1.0
98.0,172.0,1.0
99.0,111.0,1.0
97.0,158.0,1.0
88.0,183.0,1.0
93.0,162.0,1.0
82.0,104.0,1.0
89.0,129.0,1.0
95.0,159.0,1.0
98.0,108.0,1.0
88.0,161.0,1.0
99.0,200.0,1.0
86.0,185.0,1.0
98.0,157.0,1.0
100.0,143.0,1.0
88.0,128.0,1.0
92.0,100.0,1.0
96.0,184.0,1.0
85.0,116.0,1.0
90.0,171.0,1.0
98.0,197.0,1.0
90.0,178.0,1.0
92.0,159.0,1.0
96.0,172.0,1.0
99.0,107.0,1.0
82.0,175.0,1.0
83.0,200.0,1.0
83.0,113.0,1.0
87.0,163.0,1.0
96.0,105.0,1.0
100.0,188.0,1.0
98.0,182.0,1.0
97.0,124.0,1.0
88.0,132.0,1.0
89.0,107.0,1.0
84.0,149.0,1.0
83.0,160.0,1.0
85.0,129.0,1.0
96.0,124.0,1.0
88.0,155.0,1.0
86.0,195.0,1.0
81.0,173.0,1.0
81.0,159.0,1.0
89.0,107.0,1.0
96.0,145.0,1.0
81.0,128.0,1.0
96.0,162.0,1.0
94.0,153.0,1.0
97.0,129.0,1.0
83.0,185.0,1.0
93.0,171.0,1.0
97.0,149.0,1.0
82.0,171.0,1.0
87.0,175.0,1.0
88.0,180.0,1.0
92.0,165.0,1.0
98.0,195.0,1.0
90.0,125.0,1.0
92.0,199.0,1.0
100.0,160.0,1.0
87.0,101.0,1.0
89.0,175.0,1.0
88.0,195.0,1.0
83.0,127.0,1.0
83.0,107.0,1.0
91.0,111.0,1.0
87.0,132.0,1.0
99.0,189.0,1.0
92.0,189.0,1.0
84.0,157.0,1.0
93.0,118.0,1.0
91.0,195.0,1.0
94.0,153.0,1.0
86.0,170.0,1.0
93.0,132.0,1.0
92.0,169.0,1.0
96.0,119.0,1.0
89.0,176.0,1.0
100.0,162.0,1.0
99.0,113.0,1.0
89.0,158.0,1.0
93.0,103.0,1.0
95.0,181.0,1.0
90.0,115.0,1.0
91.0,138.0,1.0
89.0,166.0,1.0
95.0,186.0,1.0
100.0,171.0,1.0
86.0,126.0,1.0
81.0,170.0,1.0
83.0,155.0,1.0
86.0,111.0,1.0
84.0,130.0,1.0
98.0,144.0,1.0
85.0,159.0,1.0
85.0,100.0,1.0
98.0,186.0,1.0
99.0,193.0,1.0
98.0,139.0,1.0
100.0,162.0,1.0
98.0,185.0,1.0
94.0,132.0,1.0
93.0,178.0,1.0
85.0,160.0,1.0
91.0,120.0,1.0
97.0,106.0,1.0
85.0,188.0,1.0
90.0,169.0,1.0
90.0,103.0,1.0
86.0,180.0,1.0
100.0,178.0,1.0
91.0,111.0,1.0
86.0,118.0,1.0
99.0,174.0,1.0
100.0,196.0,1.0
91.0,166.0,1.0
95.0,152.0,1.0
86.0,158.0,1.0
84.0,143.0,1.0
98.0,141.0,1.0
94.0,177.0,1.0
85.0,200.0,1.0
94.0,102.0,1.0
86.0,183.0,1.0
89.0,114.0,1.0
95.0,122.0,1.0
98.0,167.0,1.0
96.0,179.0,1.0
89.0,143.0,1.0
98.0,181.0,1.0
94.0,107.0,1.0
86.0,108.0,1.0
85.0,198.0,1.0
82.0,200.0,1.0
98.0,119.0,1.0
84.0,184.0,1.0
87.0,181.0,1.0
93.0,151.0,1.0
82.0,125.0,1.0
90.0,117.0,1.0
93.0,120.0,1.0
95.0,165.0,1.0
91.0,195.0,1.0
90.0,141.0,1.0
86.0,184.0,1.0
99.0,165.0,1.0
90.0,112.0,1.0
87.0,119.0,1.0
88.0,182.0,1.0
81.0,100.0,1.0
88.0,122.0,1.0
85.0,146.0,1.0
95.0,193.0,1.0
97.0,110.0,1.0
83.0,197.0,1.0
89.0,163.0,1.0
85.0,149.0,1.0
85.0,185.0,1.0
96.0,100.0,1.0
99.0,173.0,1.0
93.0,188.0,1.0
98.0,108.0,1.0
98.0,190.0,1.0
88.0,189.0,1.0
92.0,125.0,1.0
92.0,139.0,1.0
82.0,111.0,1.0
88.0,107.0,1.0
92.0,132.0,1.0
97.0,115.0,1.0
94.0,128.0,1.0
86.0,155.0,1.0
81.0,190.0,1.0
89.0,169.0,1.0
87.0,155.0,1.0
97.0,162.0,1.0
88.0,148.0,1.0
81.0,118.0,1.0
96.0,110.0,1.0
93.0,188.0,1.0
96.0,187.0,1.0
98.0,132.0,1.0
85.0,114.0,1.0
87.0,143.0,1.0
100.0,124.0,1.0
100.0,106.0,1.0
99.0,161.0,1.0
99.0,189.0,1.0
91.0,125.0,1.0
83.0,169.0,1.0
92.0,114.0,1.0
86.0,199.0,1.0
88.0,165.0,1.0
92.0,159.0,1.0
88.0,177.0,1.0
94.0,142.0,1.0
98.0,115.0,1.0
95.0,138.0,1.0
82.0,180.0,1.0
83.0,180.0,1.0
100.0,174.0,1.0
100.0,146.0,1.0
83.0,145.0,1.0
98.0,157.0,1.0
96.0,188.0,1.0
86.0,137.0,1.0
86.0,140.0,1.0
92.0,165.0,1.0
82.0,168.0,1.0
89.0,168.0,1.0
81.0,126.0,1.0
85.0,140.0,1.0
90.0,199.0,1.0
90.0,159.0,1.0
87.0,156.0,1.0
81.0,170.0,1.0
82.0,134.0,1.0
84.0,184.0,1.0
98.0,101.0,1.0
100.0,167.0,1.0
83.0,163.0,1.0
89.0,152.0,1.0
84.0,159.0,1.0
95.0,159.0,1.0
84.0,149.0,1.0
87.0,133.0,1.0
100.0,146.0,1.0
84.0,141.0,1.0
89.0,121.0,1.0
86.0,120.0,1.0
100.0,162.0,1.0
88.0,128.0,1.0
86.0,168.0,1.0
99.0,148.0,1.0
91.0,167.0,1.0
92.0,113.0,1.0
97.0,116.0,1.0
97.0,166.0,1.0
90.0,115.0,1.0
96.0,151.0,1.0
85.0,112.0,1.0
95.0,129.0,1.0
84.0,151.0,1.0
95.0,104.0,1.0
92.0,142.0,1.0
88.0,113.0,1.0
89.0,136.0,1.0
82.0,145.0,1.0
91.0,120.0,1.0
98.0,140.0,1.0
99.0,110.0,1.0
96.0,159.0,1.0
88.0,144.0,1.0
89.0,145.0,1.0
92.0,164.0,1.0
86.0,147.0,1.0
100.0,171.0,1.0
93.0,191.0,1.0
85.0,189.0,1.0
94.0,139.0,1.0
83.0,188.0,1.0
100.0,120.0,1.0
83.0,133.0,1.0
87.0,111.0,1.0
83.0,106.0,1.0
83.0,161.0,1.0
86.0,178.0,1.0
91.0,185.0,1.0
91.0,123.0,1.0
84.0,171.0,1.0
100.0,150.0,1.0
97.0,149.0,1.0
89.0,171.0,1.0
82.0,127.0,1.0
86.0,178.0,1.0
100.0,116.0,1.0
82.0,191.0,1.0
99.0,200.0,1.0
82.0,199.0,1.0
97.0,197.0,1.0
86.0,129.0,1.0
96.0,197.0,1.0
83.0,113.0,1.0
100.0,193.0,1.0
96.0,150.0,1.0
91.0,180.0,1.0
89.0,176.0,1.0
94.0,123.0,1.0
92.0,200.0,1.0
89.0,107.0,1.0
83.0,154.0,1.0
88.0,165.0,1.0
93.0,158.0,1.0
98.0,169.0,1.0
98.0,114.0,1.0
91.0,145.0,1.0
84.0,109.0,1.0
94.0,116.0,1.0
84.0,115.0,1.0
98.0,144.0,1.0
91.0,186.0,1.0
100.0,138.0,1.0
92.0,152.0,1.0
99.0,195.0,1.0
95.0,108.0,1.0
90.0,152.0,1.0
91.0,148.0,1.0
90.0,185.0,1.0
81.0,152.0,1.0
94.0,176.0,1.0
93.0,148.0,1.0
83.0,164.0,1.0
95.0,197.0,1.0
81.0,144.0,1.0
93.0,127.0,1.0
87.0,183.0,1.0
83.0,138.0,1.0
83.0,118.0,1.0
95.0,119.0,1.0
87.0,143.0,1.0
89.0,104.0,1.0
90.0,186.0,1.0
100.0,146.0,1.0
90.0,166.0,1.0
89.0,117.0,1.0
99.0,100.0,1.0
89.0,199.0,1.0
85.0,113.0,1.0
89.0,130.0,1.0
89.0,167.0,1.0
82.0,192.0,1.0
86.0,120.0,1.0
95.0,120.0,1.0
83.0,103.0,1.0
85.0,131.0,1.0
84.0,123.0,1.0
93.0,147.0,1.0
98.0,162.0,1.0
96.0,109.0,1.0
89.0,148.0,1.0
82.0,172.0,1.0
96.0,113.0,1.0
90.0,143.0,1.0
97.0,198.0,1.0
79.0,148.0,1.0
78.0,141.0,1.0
70.0,146.0,1.0
79.0,146.0,1.0
77.0,141.0,1.0
75.0,145.0,1.0
73.0,140.0,1.0
75.0,145.0,1.0
73.0,150.0,1.0
77.0,148.0,1.0
72.0,149.0,1.0
76.0,140.0,1.0
74.0,146.0,1.0
75.0,145.0,1.0
70.0,140.0,1.0
74.0,140.0,1.0
75.0,146.0,1.0
80.0,141.0,1.0
79.0,146.0,1.0
76.0,146.0,1.0
77.0,146.0,1.0
73.0,150.0,1.0
70.0,145.0,1.0
79.0,150.0,1.0
79.0,148.0,1.0
78.0,148.0,1.0
75.0,144.0,1.0
79.0,140.0,1.0
71.0,144.0,1.0
79.0,149.0,1.0
70.0,147.0,1.0
70.0,148.0,1.0
70.0,140.0,1.0
78.0,142.0,1.0
76.0,147.0,1.0
74.0,150.0,1.0
74.0,141.0,1.0
74.0,140.0,1.0
75.0,150.0,1.0
74.0,149.0,1.0
78.0,148.0,1.0
75.0,143.0,1.0
78.0,147.0,1.0
72.0,147.0,1.0
74.0,147.0,1.0
78.0,150.0,1.0
71.0,148.0,1.0
80.0,149.0,1.0
73.0,150.0,1.0
71.0,147.0,1.0
73.0,145.0,1.0
78.0,149.0,1.0
76.0,150.0,1.0
78.0,144.0,1.0
71.0,142.0,1.0
74.0,149.0,1.0
73.0,141.0,1.0
79.0,146.0,1.0
78.0,143.0,1.0
76.0,147.0,1.0
78.0,150.0,1.0
72.0,146.0,1.0
79.0,150.0,1.0
80.0,146.0,1.0
80.0,145.0,1.0
70.0,141.0,1.0
71.0,147.0,1.0
78.0,143.0,1.0
75.0,140.0,1.0
73.0,145.0,1.0
79.0,149.0,1.0
73.0,143.0,1.0
80.0,150.0,1.0
76.0,144.0,1.0
72.0,144.0,1.0
79.0,146.0,1.0
70.0,145.0,1.0
75.0,143.0,1.0
79.0,149.0,1.0
80.0,145.0,1.0
78.0,143.0,1.0
74.0,143.0,1.0
78.0,141.0,1.0
76.0,149.0,1.0
79.0,147.0,1.0
72.0,140.0,1.0
79.0,147.0,1.0
76.0,142.0,1.0
70.0,146.0,1.0
71.0,143.0,1.0
76.0,142.0,1.0
72.0,143.0,1.0
76.0,145.0,1.0
80.0,142.0,1.0
80.0,146.0,1.0
75.0,143.0,1.0
79.0,149.0,1.0
72.0,141.0,1.0
71.0,140.0,1.0
80.0,143.0,1.0
116.0,156.0,2.0
119.0,160.0,2.0
116.0,166.0,2.0
114.0,184.0,2.0
116.0,182.0,2.0
110.0,162.0,2.0
118.0,163.0,2.0
112.0,183.0,2.0
112.0,177.0,2.0
114.0,164.0,2.0
115.0,120.0,2.0
112.0,180.0,2.0
111.0,186.0,2.0
114.0,118.0,2.0
117.0,125.0,2.0
115.0,112.0,2.0
116.0,182.0,2.0
110.0,128.0,2.0
115.0,136.0,2.0
114.0,182.0,2.0
114.0,118.0,2.0
113.0,155.0,2.0
116.0,112.0,2.0
114.0,112.0,2.0
111.0,110.0,2.0
115.0,110.0,2.0
118.0,196.0,2.0
116.0,160.0,2.0
119.0,155.0,2.0
111.0,142.0,2.0
118.0,107.0,2.0
114.0,118.0,2.0
110.0,178.0,2.0
114.0,167.0,2.0
112.0,167.0,2.0
117.0,175.0,2.0
114.0,111.0,2.0
117.0,176.0,2.0
115.0,126.0,2.0
113.0,142.0,2.0
115.0,164.0,2.0
111.0,128.0,2.0
115.0,127.0,2.0
116.0,153.0,2.0
117.0,138.0,2.0
119.0,149.0,2.0
119.0,110.0,2.0
118.0,147.0,2.0
113.0,186.0,2.0
113.0,177.0,2.0
117.0,164.0,2.0
111.0,130.0,2.0
117.0,194.0,2.0
117.0,104.0,2.0
115.0,200.0,2.0
112.0,153.0,2.0
112.0,134.0,2.0
119.0,148.0,2.0
113.0,196.0,2.0
111.0,138.0,2.0
118.0,149.0,2.0
110.0,167.0,2.0
114.0,112.0,2.0
119.0,130.0,2.0
113.0,119.0,2.0
116.0,134.0,2.0
111.0,188.0,2.0
115.0,170.0,2.0
115.0,150.0,2.0
115.0,140.0,2.0
118.0,177.0,2.0
115.0,117.0,2.0
110.0,192.0,2.0
116.0,195.0,2.0
117.0,137.0,2.0
118.0,174.0,2.0
117.0,116.0,2.0
117.0,100.0,2.0
113.0,194.0,2.0
111.0,125.0,2.0
110.0,113.0,2.0
115.0,199.0,2.0
111.0,106.0,2.0
112.0,169.0,2.0
116.0,111.0,2.0
114.0,101.0,2.0
110.0,177.0,2.0
112.0,168.0,2.0
111.0,101.0,2.0
118.0,179.0,2.0
113.0,109.0,2.0
118.0,157.0,2.0
114.0,106.0,2.0
117.0,141.0,2.0
116.0,104.0,2.0
111.0,164.0,2.0
110.0,113.0,2.0
110.0,160.0,2.0
115.0,134.0,2.0
117.0,157.0,2.0
114.0,126.0,2.0
119.0,175.0,2.0
110.0,124.0,2.0
114.0,121.0,2.0
118.0,194.0,2.0
113.0,177.0,2.0
118.0,172.0,2.0
119.0,149.0,2.0
117.0,167.0,2.0
119.0,167.0,2.0
118.0,199.0,2.0
110.0,157.0,2.0
111.0,138.0,2.0
113.0,198.0,2.0
112.0,180.0,2.0
113.0,149.0,2.0
115.0,101.0,2.0
117.0,132.0,2.0
113.0,179.0,2.0
116.0,135.0,2.0
118.0,118.0,2.0
110.0,186.0,2.0
112.0,148.0,2.0
112.0,118.0,2.0
116.0,146.0,2.0
113.0,178.0,2.0
114.0,135.0,2.0
117.0,124.0,2.0
114.0,159.0,2.0
119.0,169.0,2.0
112.0,154.0,2.0
119.0,153.0,2.0
110.0,197.0,2.0
112.0,189.0,2.0
111.0,197.0,2.0
117.0,121.0,2.0
110.0,106.0,2.0
112.0,140.0,2.0
119.0,152.0,2.0
113.0,130.0,2.0
110.0,200.0,2.0
116.0,169.0,2.0
114.0,187.0,2.0
114.0,198.0,2.0
113.0,183.0,2.0
113.0,119.0,2.0
116.0,187.0,2.0
113.0,107.0,2.0
116.0,104.0,2.0
117.0,198.0,2.0
114.0,189.0,2.0
112.0,142.0,2.0
118.0,103.0,2.0
114.0,163.0,2.0
114.0,183.0,2.0
115.0,186.0,2.0
110.0,173.0,2.0
118.0,163.0,2.0
117.0,116.0,2.0
116.0,186.0,2.0
112.0,187.0,2.0
117.0,117.0,2.0
115.0,165.0,2.0
111.0,172.0,2.0
117.0,154.0,2.0
115.0,155.0,2.0
112.0,149.0,2.0
117.0,162.0,2.0
117.0,111.0,2.0
115.0,145.0,2.0
116.0,134.0,2.0
115.0,149.0,2.0
110.0,141.0,2.0
110.0,140.0,2.0
112.0,167.0,2.0
111.0,181.0,2.0
117.0,157.0,2.0
119.0,173.0,2.0
117.0,193.0,2.0
115.0,191.0,2.0
118.0,106.0,2.0
116.0,174.0,2.0
112.0,111.0,2.0
112.0,115.0,2.0
119.0,159.0,2.0
116.0,177.0,2.0
115.0,109.0,2.0
114.0,105.0,2.0
112.0,182.0,2.0
116.0,174.0,2.0
115.0,110.0,2.0
113.0,138.0,2.0
110.0,192.0,2.0
116.0,112.0,2.0
119.0,150.0,2.0
117.0,124.0,2.0
115.0,119.0,2.0
116.0,130.0,2.0
112.0,145.0,2.0
114.0,194.0,2.0
112.0,120.0,2.0
112.0,100.0,2.0
118.0,129.0,2.0
119.0,181.0,2.0
119.0,120.0,2.0
117.0,191.0,2.0
118.0,106.0,2.0
119.0,103.0,2.0
117.0,163.0,2.0
110.0,151.0,2.0
116.0,177.0,2.0
117.0,133.0,2.0
118.0,193.0,2.0
114.0,101.0,2.0
113.0,150.0,2.0
110.0,136.0,2.0
114.0,115.0,2.0
118.0,102.0,2.0
112.0,128.0,2.0
118.0,166.0,2.0
114.0,118.0,2.0
111.0,154.0,2.0
112.0,129.0,2.0
113.0,170.0,2.0
117.0,130.0,2.0
111.0,184.0,2.0
118.0,134.0,2.0
114.0,151.0,2.0
113.0,130.0,2.0
115.0,121.0,2.0
112.0,124.0,2.0
115.0,114.0,2.0
119.0,133.0,2.0
118.0,173.0,2.0
117.0,173.0,2.0
114.0,104.0,2.0
110.0,177.0,2.0
110.0,130.0,2.0
119.0,129.0,2.0
112.0,165.0,2.0
110.0,127.0,2.0
112.0,148.0,2.0
112.0,180.0,2.0
113.0,178.0,2.0
117.0,134.0,2.0
113.0,127.0,2.0
111.0,167.0,2.0
110.0,107.0,2.0
118.0,163.0,2.0
116.0,187.0,2.0
116.0,167.0,2.0
115.0,137.0,2.0
114.0,143.0,2.0
116.0,176.0,2.0
110.0,192.0,2.0
110.0,116.0,2.0
115.0,102.0,2.0
114.0,160.0,2.0
116.0,157.0,2.0
119.0,127.0,2.0
116.0,191.0,2.0
117.0,188.0,2.0
118.0,117.0,2.0
116.0,165.0,2.0
112.0,191.0,2.0
116.0,178.0,2.0
116.0,184.0,2.0
114.0,110.0,2.0
114.0,173.0,2.0
117.0,152.0,2.0
117.0,181.0,2.0
113.0,106.0,2.0
117.0,156.0,2.0
119.0,121.0,2.0
111.0,157.0,2.0
110.0,154.0,2.0
111.0,162.0,2.0
110.0,189.0,2.0
119.0,173.0,2.0
111.0,126.0,2.0
111.0,113.0,2.0
115.0,107.0,2.0
114.0,100.0,2.0
118.0,101.0,2.0
115.0,166.0,2.0
115.0,111.0,2.0
116.0,127.0,2.0
113.0,111.0,2.0
111.0,191.0,2.0
118.0,144.0,2.0
119.0,197.0,2.0
111.0,161.0,2.0
119.0,103.0,2.0
114.0,193.0,2.0
111.0,159.0,2.0
114.0,117.0,2.0
111.0,119.0,2.0
117.0,111.0,2.0
113.0,178.0,2.0
118.0,144.0,2.0
116.0,155.0,2.0
116.0,181.0,2.0
113.0,174.0,2.0
117.0,117.0,2.0
117.0,129.0,2.0
119.0,117.0,2.0
113.0,116.0,2.0
110.0,196.0,2.0
119.0,196.0,2.0
113.0,116.0,2.0
119.0,184.0,2.0
111.0,150.0,2.0
112.0,183.0,2.0
117.0,196.0,2.0
115.0,136.0,2.0
110.0,170.0,2.0
110.0,163.0,2.0
113.0,179.0,2.0
119.0,155.0,2.0
116.0,119.0,2.0
110.0,154.0,2.0
110.0,136.0,2.0
116.0,138.0,2.0
114.0,149.0,2.0
119.0,159.0,2.0
110.0,164.0,2.0
110.0,145.0,2.0
119.0,149.0,2.0
115.0,169.0,2.0
112.0,128.0,2.0
110.0,142.0,2.0
113.0,183.0,2.0
111.0,101.0,2.0
114.0,160.0,2.0
111.0,101.0,2.0
118.0,117.0,2.0
119.0,125.0,2.0
114.0,191.0,2.0
117.0,116.0,2.0
110.0,145.0,2.0
113.0,116.0,2.0
117.0,114.0,2.0
113.0,126.0,2.0
117.0,151.0,2.0
112.0,122.0,2.0
112.0,156.0,2.0
118.0,149.0,2.0
114.0,199.0,2.0
116.0,109.0,2.0
112.0,187.0,2.0
110.0,157.0,2.0
114.0,186.0,2.0
116.0,154.0,2.0
110.0,130.0,2.0
116.0,144.0,2.0
117.0,105.0,2.0
114.0,177.0,2.0
119.0,168.0,2.0
110.0,104.0,2.0
117.0,175.0,2.0
114.0,107.0,2.0
119.0,198.0,2.0
114.0,145.0,2.0
112.0,164.0,2.0
114.0,112.0,2.0
110.0,147.0,2.0
118.0,152.0,2.0
116.0,142.0,2.0
111.0,140.0,2.0
114.0,112.0,2.0
112.0,104.0,2.0
116.0,189.0,2.0
112.0,165.0,2.0
117.0,113.0,2.0
110.0,171.0,2.0
119.0,186.0,2.0
117.0,178.0,2.0
119.0,196.0,2.0
111.0,142.0,2.0
110.0,102.0,2.0
111.0,125.0,2.0
110.0,108.0,2.0
116.0,185.0,2.0
119.0,179.0,2.0
110.0,185.0,2.0
118.0,160.0,2.0
119.0,162.0,2.0
116.0,115.0,2.0
112.0,195.0,2.0
111.0,177.0,2.0
118.0,141.0,2.0
118.0,164.0,2.0
116.0,102.0,2.0
115.0,129.0,2.0
111.0,186.0,2.0
113.0,132.0,2.0
117.0,107.0,2.0
110.0,186.0,2.0
116.0,152.0,2.0
111.0,197.0,2.0
115.0,123.0,2.0
110.0,129.0,2.0
111.0,130.0,2.0
113.0,133.0,2.0
119.0,185.0,2.0
115.0,172.0,2.0
113.0,197.0,2.0
115.0,150.0,2.0
112.0,163.0,2.0
115.0,105.0,2.0
117.0,116.0,2.0
114.0,183.0,2.0
115.0,170.0,2.0
114.0,184.0,2.0
114.0,164.0,2.0
119.0,154.0,2.0
112.0,123.0,2.0
112.0,102.0,2.0
114.0,126.0,2.0
119.0,101.0,2.0
116.0,154.0,2.0
116.0,187.0,2.0
110.0,148.0,2.0
119.0,134.0,2.0
110.0,152.0,2.0
110.0,151.0,2.0
110.0,131.0,2.0
116.0,129.0,2.0
116.0,144.0,2.0
119.0,142.0,2.0
111.0,160.0,2.0
111.0,169.0,2.0
118.0,109.0,2.0
117.0,154.0,2.0
113.0,182.0,2.0
114.0,182.0,2.0
113.0,178.0,2.0
117.0,141.0,2.0
116.0,136.0,2.0
115.0,183.0,2.0
115.0,175.0,2.0
117.0,122.0,2.0
119.0,171.0,2.0
114.0,171.0,2.0
112.0,157.0,2.0
113.0,146.0,2.0
118.0,122.0,2.0
118.0,138.0,2.0
112.0,156.0,2.0
113.0,196.0,2.0
118.0,187.0,2.0
116.0,149.0,2.0
113.0,145.0,2.0
114.0,179.0,2.0
113.0,142.0,2.0
111.0,143.0,2.0
110.0,133.0,2.0
110.0,113.0,2.0
113.0,190.0,2.0
118.0,143.0,2.0
111.0,124.0,2.0
112.0,177.0,2.0
110.0,170.0,2.0
117.0,169.0,2.0
117.0,192.0,2.0
117.0,182.0,2.0
112.0,143.0,2.0
119.0,144.0,2.0
110.0,101.0,2.0
116.0,152.0,2.0
112.0,147.0,2.0
112.0,183.0,2.0
114.0,144.0,2.0
114.0,165.0,2.0
113.0,191.0,2.0
111.0,128.0,2.0
117.0,104.0,2.0
118.0,152.0,2.0
110.0,167.0,2.0
110.0,184.0,2.0
115.0,152.0,2.0
116.0,135.0,2.0
116.0,178.0,2.0
111.0,139.0,2.0
119.0,120.0,2.0
111.0,151.0,2.0
111.0,173.0,2.0
115.0,193.0,2.0
119.0,174.0,2.0
115.0,121.0,2.0
113.0,161.0,2.0
117.0,171.0,2.0
112.0,130.0,2.0
110.0,174.0,2.0
118.0,119.0,2.0
113.0,186.0,2.0
118.0,165.0,2.0
119.0,193.0,2.0
118.0,104.0,2.0
114.0,182.0,2.0
158.0,190.0,2.0
152.0,200.0,2.0
159.0,193.0,2.0
139.0,192.0,2.0
130.0,195.0,2.0
133.0,197.0,2.0
127.0,197.0,2.0
157.0,199.0,2.0
151.0,193.0,2.0
147.0,193.0,2.0
155.0,193.0,2.0
131.0,199.0,2.0
131.0,200.0,2.0
147.0,199.0,2.0
151.0,194.0,2.0
127.0,198.0,2.0
124.0,198.0,2.0
157.0,195.0,2.0
159.0,199.0,2.0
140.0,196.0,2.0
136.0,191.0,2.0
139.0,194.0,2.0
160.0,200.0,2.0
148.0,192.0,2.0
159.0,191.0,2.0
121.0,196.0,2.0
130.0,197.0,2.0
154.0,194.0,2.0
157.0,192.0,2.0
124.0,195.0,2.0
153.0,195.0,2.0
153.0,190.0,2.0
135.0,195.0,2.0
139.0,197.0,2.0
126.0,196.0,2.0
148.0,200.0,2.0
141.0,193.0,2.0
130.0,197.0,2.0
134.0,190.0,2.0
149.0,196.0,2.0
120.0,194.0,2.0
125.0,195.0,2.0
144.0,199.0,2.0
133.0,195.0,2.0
139.0,190.0,2.0
140.0,199.0,2.0
139.0,199.0,2.0
134.0,190.0,2.0
144.0,199.0,2.0
156.0,192.0,2.0
140.0,193.0,2.0
159.0,196.0,2.0
136.0,190.0,2.0
138.0,192.0,2.0
124.0,199.0,2.0
122.0,192.0,2.0
153.0,199.0,2.0
122.0,200.0,2.0
137.0,198.0,2.0
153.0,191.0,2.0
154.0,199.0,2.0
148.0,191.0,2.0
151.0,190.0,2.0
137.0,199.0,2.0
150.0,194.0,2.0
138.0,199.0,2.0
155.0,199.0,2.0
122.0,199.0,2.0
144.0,198.0,2.0
136.0,200.0,2.0
138.0,190.0,2.0
146.0,199.0,2.0
153.0,199.0,2.0
131.0,200.0,2.0
157.0,200.0,2.0
136.0,200.0,2.0
127.0,195.0,2.0
122.0,197.0,2.0
157.0,197.0,2.0
144.0,200.0,2.0
154.0,197.0,2.0
149.0,192.0,2.0
129.0,192.0,2.0
146.0,192.0,2.0
125.0,194.0,2.0
128.0,200.0,2.0
143.0,193.0,2.0
147.0,191.0,2.0
142.0,198.0,2.0
145.0,197.0,2.0
152.0,193.0,2.0
133.0,194.0,2.0
132.0,192.0,2.0
120.0,197.0,2.0
153.0,194.0,2.0
154.0,194.0,2.0
142.0,200.0,2.0
133.0,196.0,2.0
129.0,196.0,2.0
130.0,200.0,2.0
123.0,192.0,2.0
125.0,193.0,2.0
122.0,194.0,2.0
155.0,198.0,2.0
124.0,194.0,2.0
160.0,192.0,2.0
151.0,194.0,2.0
128.0,190.0,2.0
133.0,197.0,2.0
127.0,196.0,2.0
157.0,190.0,2.0
158.0,199.0,2.0
155.0,199.0,2.0
143.0,199.0,2.0
146.0,196.0,2.0
143.0,197.0,2.0
125.0,194.0,2.0
122.0,198.0,2.0
139.0,195.0,2.0
141.0,192.0,2.0
146.0,191.0,2.0
136.0,190.0,2.0
151.0,199.0,2.0
132.0,195.0,2.0
137.0,197.0,2.0
152.0,190.0,2.0
150.0,200.0,2.0
122.0,193.0,2.0
136.0,200.0,2.0
129.0,198.0,2.0
160.0,192.0,2.0
125.0,198.0,2.0
149.0,200.0,2.0
139.0,200.0,2.0
121.0,192.0,2.0
141.0,198.0,2.0
123.0,200.0,2.0
159.0,190.0,2.0
131.0,193.0,2.0
144.0,192.0,2.0
120.0,193.0,2.0
128.0,200.0,2.0
137.0,195.0,2.0
132.0,193.0,2.0
149.0,196.0,2.0
146.0,194.0,2.0
158.0,200.0,2.0
121.0,192.0,2.0
127.0,190.0,2.0
154.0,194.0,2.0
153.0,194.0,2.0
127.0,190.0,2.0
144.0,193.0,2.0
123.0,196.0,2.0
142.0,198.0,2.0
131.0,191.0,2.0
156.0,200.0,2.0
144.0,199.0,2.0
122.0,193.0,2.0
145.0,194.0,2.0
145.0,200.0,2.0
129.0,196.0,2.0
133.0,193.0,2.0
129.0,195.0,2.0
123.0,194.0,2.0
144.0,196.0,2.0
138.0,196.0,2.0
146.0,196.0,2.0
140.0,196.0,2.0
154.0,194.0,2.0
121.0,196.0,2.0
153.0,191.0,2.0
127.0,197.0,2.0
132.0,199.0,2.0
129.0,191.0,2.0
145.0,196.0,2.0
140.0,198.0,2.0
135.0,195.0,2.0
149.0,197.0,2.0
126.0,195.0,2.0
148.0,200.0,2.0
146.0,198.0,2.0
129.0,192.0,2.0
153.0,196.0,2.0
150.0,199.0,2.0
131.0,194.0,2.0
134.0,191.0,2.0
156.0,200.0,2.0
125.0,198.0,2.0
154.0,199.0,2.0
121.0,199.0,2.0
156.0,191.0,2.0
140.0,192.0,2.0
156.0,190.0,2.0
147.0,198.0,2.0
144.0,200.0,2.0
128.0,192.0,2.0
129.0,193.0,2.0
134.0,198.0,2.0
133.0,200.0,2.0
147.0,191.0,2.0
152.0,197.0,2.0
125.0,191.0,2.0
158.0,191.0,2.0
129.0,199.0,2.0
136.0,191.0,2.0
147.0,199.0,2.0
150.0,192.0,2.0
132.0,193.0,2.0
136.0,198.0,2.0
154.0,196.0,2.0
120.0,197.0,2.0
134.0,191.0,2.0
122.0,198.0,2.0
143.0,195.0,2.0
125.0,193.0,2.0
151.0,196.0,2.0
147.0,192.0,2.0
137.0,193.0,2.0
138.0,190.0,2.0
153.0,193.0,2.0
146.0,197.0,2.0
133.0,200.0,2.0
158.0,199.0,2.0
121.0,191.0,2.0
157.0,190.0,2.0
141.0,191.0,2.0
150.0,191.0,2.0
152.0,196.0,2.0
146.0,195.0,2.0
159.0,190.0,2.0
148.0,195.0,2.0
133.0,197.0,2.0
132.0,199.0,2.0
121.0,190.0,2.0
135.0,197.0,2.0
143.0,197.0,2.0
152.0,196.0,2.0
140.0,197.0,2.0
154.0,200.0,2.0
139.0,191.0,2.0
141.0,191.0,2.0
156.0,193.0,2.0
150.0,196.0,2.0
154.0,197.0,2.0
138.0,190.0,2.0
141.0,191.0,2.0
156.0,199.0,2.0
144.0,198.0,2.0
122.0,191.0,2.0
139.0,199.0,2.0
137.0,192.0,2.0
120.0,199.0,2.0
129.0,194.0,2.0
154.0,190.0,2.0
149.0,192.0,2.0
135.0,199.0,2.0
121.0,196.0,2.0
155.0,192.0,2.0
158.0,200.0,2.0
135.0,200.0,2.0
142.0,198.0,2.0
125.0,194.0,2.0
120.0,200.0,2.0
159.0,191.0,2.0
130.0,190.0,2.0
120.0,190.0,2.0
137.0,198.0,2.0
148.0,190.0,2.0
157.0,193.0,2.0
126.0,194.0,2.0
128.0,196.0,2.0
145.0,193.0,2.0
149.0,200.0,2.0
127.0,194.0,2.0
145.0,192.0,2.0
150.0,197.0,2.0
155.0,197.0,2.0
153.0,195.0,2.0
146.0,198.0,2.0
149.0,197.0,2.0
157.0,200.0,2.0
148.0,200.0,2.0
127.0,199.0,2.0
141.0,193.0,2.0
123.0,198.0,2.0
141.0,200.0,2.0
148.0,196.0,2.0
154.0,196.0,2.0
137.0,197.0,2.0
147.0,193.0,2.0
129.0,191.0,2.0
154.0,200.0,2.0
140.0,200.0,2.0
121.0,200.0,2.0
126.0,195.0,2.0
135.0,198.0,2.0
122.0,199.0,2.0
126.0,192.0,2.0
131.0,196.0,2.0
150.0,190.0,2.0
151.0,194.0,2.0
127.0,198.0,2.0
122.0,191.0,2.0
127.0,190.0,2.0
155.0,193.0,2.0
145.0,193.0,2.0
133.0,193.0,2.0
137.0,198.0,2.0
130.0,191.0,2.0
120.0,195.0,2.0
154.0,198.0,2.0
120.0,194.0,2.0
140.0,193.0,2.0
159.0,191.0,2.0
135.0,194.0,2.0
132.0,199.0,2.0
148.0,194.0,2.0
122.0,197.0,2.0
137.0,194.0,2.0
120.0,192.0,2.0
140.0,199.0,2.0
135.0,196.0,2.0
138.0,195.0,2.0
145.0,199.0,2.0
129.0,199.0,2.0
129.0,191.0,2.0
153.0,197.0,2.0
159.0,197.0,2.0
153.0,194.0,2.0
125.0,192.0,2.0
149.0,190.0,2.0
152.0,194.0,2.0
156.0,200.0,2.0
158.0,191.0,2.0
140.0,194.0,2.0
121.0,192.0,2.0
148.0,197.0,2.0
148.0,196.0,2.0
134.0,198.0,2.0
155.0,196.0,2.0
151.0,192.0,2.0
146.0,193.0,2.0
159.0,193.0,2.0
142.0,200.0,2.0
127.0,193.0,2.0
121.0,199.0,2.0
124.0,195.0,2.0
131.0,192.0,2.0
151.0,197.0,2.0
149.0,190.0,2.0
126.0,196.0,2.0
150.0,190.0,2.0
122.0,197.0,2.0
138.0,198.0,2.0
122.0,199.0,2.0
145.0,193.0,2.0
136.0,197.0,2.0
127.0,194.0,2.0
154.0,191.0,2.0
148.0,190.0,2.0
137.0,194.0,2.0
152.0,190.0,2.0
132.0,191.0,2.0
122.0,195.0,2.0
128.0,197.0,2.0
127.0,195.0,2.0
146.0,196.0,2.0
145.0,200.0,2.0
121.0,193.0,2.0
127.0,195.0,2.0
152.0,200.0,2.0
143.0,191.0,2.0
135.0,196.0,2.0
154.0,199.0,2.0
138.0,196.0,2.0
149.0,194.0,2.0
152.0,193.0,2.0
152.0,199.0,2.0
145.0,197.0,2.0
120.0,198.0,2.0
131.0,193.0,2.0
150.0,192.0,2.0
141.0,193.0,2.0
153.0,192.0,2.0
121.0,192.0,2.0
143.0,193.0,2.0
125.0,199.0,2.0
130.0,192.0,2.0
136.0,200.0,2.0
152.0,192.0,2.0
158.0,196.0,2.0
140.0,200.0,2.0
143.0,198.0,2.0
134.0,194.0,2.0
154.0,197.0,2.0
143.0,192.0,2.0
140.0,192.0,2.0
127.0,197.0,2.0
151.0,197.0,2.0
151.0,193.0,2.0
151.0,197.0,2.0
144.0,194.0,2.0
154.0,194.0,2.0
127.0,190.0,2.0
125.0,192.0,2.0
155.0,195.0,2.0
153.0,197.0,2.0
160.0,192.0,2.0
148.0,200.0,2.0
151.0,199.0,2.0
121.0,190.0,2.0
134.0,191.0,2.0
132.0,199.0,2.0
121.0,193.0,2.0
157.0,193.0,2.0
125.0,191.0,2.0
125.0,197.0,2.0
147.0,191.0,2.0
127.0,200.0,2.0
134.0,195.0,2.0
151.0,192.0,2.0
157.0,197.0,2.0
135.0,190.0,2.0
142.0,192.0,2.0
130.0,200.0,2.0
134.0,191.0,2.0
140.0,197.0,2.0
157.0,199.0,2.0
138.0,192.0,2.0
125.0,199.0,2.0
130.0,197.0,2.0
158.0,191.0,2.0
136.0,190.0,2.0
131.0,192.0,2.0
137.0,193.0,2.0
122.0,191.0,2.0
149.0,200.0,2.0
141.0,196.0,2.0
138.0,200.0,2.0
154.0,200.0,2.0
135.0,196.0,2.0
152.0,190.0,2.0
138.0,198.0,2.0
127.0,199.0,2.0
130.0,191.0,2.0
129.0,190.0,2.0
126.0,192.0,2.0
133.0,190.0,2.0
146.0,198.0,2.0
150.0,196.0,2.0
143.0,198.0,2.0
126.0,191.0,2.0
144.0,190.0,2.0
157.0,196.0,2.0
145.0,196.0,2.0
124.0,192.0,2.0
149.0,190.0,2.0
144.0,196.0,2.0
157.0,194.0,2.0
148.0,192.0,2.0
132.0,191.0,2.0
125.0,190.0,2.0
120.0,200.0,2.0
149.0,191.0,2.0
129.0,191.0,2.0
132.0,197.0,2.0
123.0,193.0,2.0
121.0,194.0,2.0
125.0,191.0,2.0
158.0,190.0,2.0
132.0,197.0,2.0
151.0,197.0,2.0
155.0,197.0,2.0
144.0,195.0,2.0
135.0,197.0,2.0
144.0,199.0,2.0
151.0,200.0,2.0
128.0,194.0,2.0
158.0,193.0,2.0
151.0,195.0,2.0
151.0,200.0,2.0
142.0,198.0,2.0
156.0,190.0,2.0
148.0,192.0,2.0
120.0,196.0,2.0
147.0,195.0,2.0
136.0,197.0,2.0
134.0,195.0,2.0
146.0,191.0,2.0
127.0,193.0,2.0
125.0,194.0,2.0
150.0,191.0,2.0
135.0,192.0,2.0
138.0,191.0,2.0
122.0,190.0,2.0
152.0,200.0,2.0
128.0,193.0,2.0
135.0,197.0,2.0
130.0,191.0,2.0
156.0,162.0,2.0
160.0,171.0,2.0
153.0,175.0,2.0
154.0,181.0,2.0
158.0,184.0,2.0
157.0,155.0,2.0
157.0,194.0,2.0
152.0,198.0,2.0
154.0,160.0,2.0
150.0,192.0,2.0
150.0,195.0,2.0
159.0,173.0,2.0
155.0,194.0,2.0
151.0,157.0,2.0
155.0,172.0,2.0
156.0,174.0,2.0
159.0,162.0,2.0
155.0,186.0,2.0
160.0,200.0,2.0
153.0,178.0,2.0
152.0,157.0,2.0
150.0,151.0,2.0
152.0,168.0,2.0
155.0,183.0,2.0
157.0,154.0,2.0
157.0,158.0,2.0
157.0,165.0,2.0
156.0,156.0,2.0
155.0,158.0,2.0
155.0,160.0,2.0
154.0,197.0,2.0
154.0,164.0,2.0
156.0,166.0,2.0
158.0,182.0,2.0
159.0,153.0,2.0
150.0,186.0,2.0
151.0,178.0,2.0
151.0,161.0,2.0
158.0,162.0,2.0
154.0,179.0,2.0
157.0,166.0,2.0
152.0,153.0,2.0
151.0,182.0,2.0
160.0,154.0,2.0
154.0,160.0,2.0
155.0,153.0,2.0
156.0,181.0,2.0
156.0,176.0,2.0
153.0,174.0,2.0
153.0,180.0,2.0
160.0,197.0,2.0
159.0,194.0,2.0
160.0,184.0,2.0
157.0,151.0,2.0
153.0,163.0,2.0
154.0,159.0,2.0
158.0,178.0,2.0
158.0,192.0,2.0
155.0,179.0,2.0
159.0,160.0,2.0
160.0,198.0,2.0
159.0,195.0,2.0
151.0,194.0,2.0
154.0,183.0,2.0
153.0,182.0,2.0
159.0,160.0,2.0
153.0,171.0,2.0
153.0,170.0,2.0
159.0,158.0,2.0
159.0,193.0,2.0
151.0,166.0,2.0
152.0,150.0,2.0
160.0,182.0,2.0
151.0,151.0,2.0
159.0,173.0,2.0
158.0,180.0,2.0
152.0,175.0,2.0
152.0,184.0,2.0
159.0,169.0,2.0
154.0,150.0,2.0
152.0,173.0,2.0
150.0,158.0,2.0
159.0,199.0,2.0
158.0,167.0,2.0
158.0,182.0,2.0
152.0,165.0,2.0
155.0,170.0,2.0
158.0,184.0,2.0
160.0,180.0,2.0
153.0,166.0,2.0
155.0,173.0,2.0
158.0,168.0,2.0
152.0,156.0,2.0
152.0,151.0,2.0
153.0,178.0,2.0
151.0,171.0,2.0
155.0,196.0,2.0
159.0,166.0,2.0
158.0,198.0,2.0
158.0,194.0,2.0
150.0,150.0,2.0
150.0,195.0,2.0
154.0,152.0,2.0
156.0,164.0,2.0
157.0,183.0,2.0
153.0,179.0,2.0
158.0,170.0,2.0
152.0,150.0,2.0
150.0,152.0,2.0
155.0,174.0,2.0
152.0,165.0,2.0
157.0,166.0,2.0
160.0,171.0,2.0
155.0,192.0,2.0
154.0,178.0,2.0
152.0,189.0,2.0
158.0,171.0,2.0
154.0,176.0,2.0
154.0,177.0,2.0
160.0,175.0,2.0
155.0,196.0,2.0
158.0,161.0,2.0
156.0,160.0,2.0
157.0,178.0,2.0
160.0,194.0,2.0
154.0,164.0,2.0
153.0,179.0,2.0
155.0,196.0,2.0
154.0,172.0,2.0
160.0,173.0,2.0
151.0,197.0,2.0
159.0,194.0,2.0
151.0,152.0,2.0
152.0,176.0,2.0
153.0,161.0,2.0
155.0,174.0,2.0
160.0,151.0,2.0
151.0,159.0,2.0
150.0,181.0,2.0
150.0,195.0,2.0
155.0,161.0,2.0
153.0,166.0,2.0
159.0,156.0,2.0
160.0,172.0,2.0
155.0,171.0,2.0
154.0,168.0,2.0
158.0,152.0,2.0
158.0,164.0,2.0
155.0,170.0,2.0
158.0,156.0,2.0
160.0,189.0,2.0
153.0,172.0,2.0
154.0,156.0,2.0
155.0,191.0,2.0
154.0,177.0,2.0
158.0,164.0,2.0
155.0,168.0,2.0
156.0,176.0,2.0
160.0,170.0,2.0
153.0,166.0,2.0
151.0,191.0,2.0
154.0,199.0,2.0
158.0,153.0,2.0
157.0,157.0,2.0
159.0,158.0,2.0
155.0,194.0,2.0
156.0,182.0,2.0
156.0,159.0,2.0
150.0,163.0,2.0
159.0,175.0,2.0
156.0,195.0,2.0
154.0,188.0,2.0
155.0,185.0,2.0
155.0,195.0,2.0
156.0,160.0,2.0
158.0,179.0,2.0
158.0,168.0,2.0
156.0,200.0,2.0
152.0,173.0,2.0
157.0,150.0,2.0
152.0,162.0,2.0
160.0,196.0,2.0
151.0,155.0,2.0
157.0,189.0,2.0
152.0,200.0,2.0
156.0,172.0,2.0
156.0,168.0,2.0
159.0,197.0,2.0
152.0,176.0,2.0
160.0,200.0,2.0
155.0,160.0,2.0
152.0,176.0,2.0
158.0,183.0,2.0
160.0,189.0,2.0
155.0,171.0,2.0
154.0,182.0,2.0
152.0,196.0,2.0
156.0,161.0,2.0
151.0,186.0,2.0
156.0,153.0,2.0
152.0,160.0,2.0
158.0,179.0,2.0
160.0,167.0,2.0
158.0,180.0,2.0
152.0,159.0,2.0
151.0,184.0,2.0
157.0,167.0,2.0
160.0,173.0,2.0
159.0,186.0,2.0
151.0,170.0,2.0
160.0,180.0,2.0
159.0,161.0,2.0
153.0,198.0,2.0
159.0,191.0,2.0
156.0,182.0,2.0
152.0,180.0,2.0
151.0,190.0,2.0
152.0,178.0,2.0
150.0,172.0,2.0
150.0,164.0,2.0
160.0,190.0,2.0
154.0,162.0,2.0
151.0,198.0,2.0
154.0,169.0,2.0
151.0,190.0,2.0
150.0,185.0,2.0
150.0,183.0,2.0
152.0,159.0,2.0
155.0,150.0,2.0
154.0,200.0,2.0
152.0,196.0,2.0
157.0,180.0,2.0
155.0,183.0,2.0
154.0,164.0,2.0
152.0,190.0,2.0
154.0,176.0,2.0
153.0,192.0,2.0
150.0,188.0,2.0
154.0,159.0,2.0
150.0,178.0,2.0
160.0,150.0,2.0
153.0,174.0,2.0
154.0,155.0,2.0
159.0,193.0,2.0
158.0,188.0,2.0
152.0,152.0,2.0
150.0,183.0,2.0
152.0,151.0,2.0
156.0,199.0,2.0
153.0,187.0,2.0
157.0,180.0,2.0
155.0,191.0,2.0
157.0,194.0,2.0
150.0,194.0,2.0
154.0,170.0,2.0
157.0,179.0,2.0
157.0,169.0,2.0
157.0,197.0,2.0
158.0,160.0,2.0
153.0,173.0,2.0
152.0,166.0,2.0
160.0,155.0,2.0
155.0,157.0,2.0
155.0,179.0,2.0
159.0,171.0,2.0
152.0,162.0,2.0
154.0,198.0,2.0
150.0,178.0,2.0
150.0,182.0,2.0
158.0,174.0,2.0
158.0,173.0,2.0
150.0,152.0,2.0
160.0,170.0,2.0
154.0,187.0,2.0
156.0,182.0,2.0
152.0,173.0,2.0
154.0,199.0,2.0
156.0,171.0,2.0
153.0,196.0,2.0
153.0,175.0,2.0
156.0,198.0,2.0
156.0,178.0,2.0
160.0,183.0,2.0
157.0,199.0,2.0
160.0,164.0,2.0
155.0,200.0,2.0
159.0,162.0,2.0
160.0,187.0,2.0
160.0,192.0,2.0
151.0,172.0,2.0
152.0,183.0,2.0
157.0,160.0,2.0
160.0,172.0,2.0
160.0,165.0,2.0
151.0,179.0,2.0
159.0,193.0,2.0
160.0,167.0,2.0
155.0,168.0,2.0
155.0,175.0,2.0
158.0,162.0,2.0
153.0,191.0,2.0
152.0,151.0,2.0
151.0,177.0,2.0
158.0,175.0,2.0
152.0,154.0,2.0
156.0,174.0,2.0
160.0,175.0,2.0
151.0,188.0,2.0
150.0,159.0,2.0
156.0,167.0,2.0
155.0,171.0,2.0
157.0,194.0,2.0
152.0,195.0,2.0
153.0,167.0,2.0
156.0,184.0,2.0
159.0,164.0,2.0
150.0,162.0,2.0
150.0,183.0,2.0
150.0,193.0,2.0
155.0,151.0,2.0
154.0,175.0,2.0
155.0,195.0,2.0
156.0,185.0,2.0
158.0,184.0,2.0
150.0,153.0,2.0
158.0,161.0,2.0
158.0,170.0,2.0
158.0,154.0,2.0
157.0,186.0,2.0
158.0,196.0,2.0
151.0,181.0,2.0
153.0,162.0,2.0
157.0,182.0,2.0
153.0,199.0,2.0
152.0,167.0,2.0
153.0,192.0,2.0
156.0,196.0,2.0
159.0,153.0,2.0
152.0,195.0,2.0
152.0,190.0,2.0
158.0,163.0,2.0
150.0,192.0,2.0
150.0,169.0,2.0
153.0,161.0,2.0
159.0,198.0,2.0
156.0,181.0,2.0
158.0,164.0,2.0
159.0,184.0,2.0
154.0,171.0,2.0
154.0,161.0,2.0
156.0,193.0,2.0
155.0,160.0,2.0
156.0,170.0,2.0
154.0,163.0,2.0
157.0,180.0,2.0
150.0,164.0,2.0
158.0,180.0,2.0
154.0,152.0,2.0
153.0,195.0,2.0
157.0,174.0,2.0
150.0,166.0,2.0
159.0,171.0,2.0
160.0,155.0,2.0
158.0,171.0,2.0
153.0,182.0,2.0
153.0,162.0,2.0
152.0,185.0,2.0
155.0,180.0,2.0
154.0,186.0,2.0
153.0,176.0,2.0
157.0,183.0,2.0
159.0,191.0,2.0
153.0,187.0,2.0
156.0,153.0,2.0
157.0,196.0,2.0
151.0,173.0,2.0
153.0,171.0,2.0
157.0,173.0,2.0
152.0,161.0,2.0
155.0,188.0,2.0
157.0,187.0,2.0
159.0,187.0,2.0
150.0,178.0,2.0
154.0,196.0,2.0
152.0,196.0,2.0
154.0,158.0,2.0
158.0,162.0,2.0
156.0,195.0,2.0
153.0,175.0,2.0
155.0,162.0,2.0
156.0,183.0,2.0
152.0,155.0,2.0
152.0,191.0,2.0
154.0,155.0,2.0
160.0,176.0,2.0
153.0,174.0,2.0
154.0,173.0,2.0
157.0,164.0,2.0
151.0,154.0,2.0
153.0,183.0,2.0
152.0,156.0,2.0
156.0,162.0,2.0
151.0,172.0,2.0
155.0,190.0,2.0
156.0,166.0,2.0
154.0,194.0,2.0
159.0,169.0,2.0
155.0,187.0,2.0
154.0,157.0,2.0
153.0,188.0,2.0
158.0,192.0,2.0
158.0,179.0,2.0
156.0,190.0,2.0
155.0,156.0,2.0
157.0,188.0,2.0
159.0,178.0,2.0
160.0,159.0,2.0
159.0,189.0,2.0
154.0,172.0,2.0
159.0,152.0,2.0
159.0,180.0,2.0
157.0,168.0,2.0
152.0,162.0,2.0
153.0,172.0,2.0
155.0,178.0,2.0
154.0,168.0,2.0
155.0,179.0,2.0
154.0,176.0,2.0
153.0,165.0,2.0
156.0,161.0,2.0
157.0,183.0,2.0
153.0,171.0,2.0
159.0,177.0,2.0
154.0,165.0,2.0
154.0,180.0,2.0
159.0,165.0,2.0
158.0,190.0,2.0
153.0,187.0,2.0
153.0,154.0,2.0
152.0,192.0,2.0
159.0,160.0,2.0
158.0,195.0,2.0
150.0,168.0,2.0
159.0,188.0,2.0
153.0,179.0,2.0
159.0,151.0,2.0
152.0,198.0,2.0
151.0,187.0,2.0
150.0,173.0,2.0
152.0,166.0,2.0
156.0,169.0,2.0
157.0,188.0,2.0
160.0,163.0,2.0
160.0,180.0,2.0
157.0,160.0,2.0
157.0,199.0,2.0
152.0,191.0,2.0
157.0,183.0,2.0
155.0,192.0,2.0
159.0,154.0,2.0
160.0,170.0,2.0
155.0,195.0,2.0
152.0,194.0,2.0
150.0,200.0,2.0
154.0,177.0,2.0
157.0,180.0,2.0
150.0,173.0,2.0
156.0,179.0,2.0
153.0,189.0,2.0
152.0,190.0,2.0
152.0,177.0,2.0
151.0,184.0,2.0
158.0,158.0,2.0
156.0,191.0,2.0
150.0,197.0,2.0
150.0,169.0,2.0
151.0,155.0,2.0
151.0,179.0,2.0
151.0,174.0,2.0
150.0,192.0,2.0
150.0,156.0,2.0
160.0,180.0,2.0
160.0,180.0,2.0
151.0,177.0,2.0
159.0,171.0,2.0
159.0,185.0,2.0
152.0,158.0,2.0
151.0,189.0,2.0
160.0,153.0,2.0
151.0,197.0,2.0
150.0,164.0,2.0
152.0,150.0,2.0
152.0,166.0,2.0
160.0,194.0,2.0
156.0,183.0,2.0
154.0,170.0,2.0
158.0,186.0,2.0
155.0,189.0,2.0
150.0,176.0,2.0
154.0,160.0,2.0
159.0,151.0,2.0
121.0,155.0,2.0
159.0,152.0,2.0
153.0,150.0,2.0
147.0,156.0,2.0
146.0,153.0,2.0
123.0,153.0,2.0
132.0,150.0,2.0
150.0,153.0,2.0
148.0,152.0,2.0
151.0,150.0,2.0
133.0,152.0,2.0
128.0,154.0,2.0
148.0,155.0,2.0
155.0,154.0,2.0
126.0,152.0,2.0
125.0,157.0,2.0
145.0,150.0,2.0
149.0,159.0,2.0
160.0,153.0,2.0
122.0,151.0,2.0
127.0,158.0,2.0
133.0,158.0,2.0
155.0,153.0,2.0
122.0,157.0,2.0
149.0,153.0,2.0
125.0,151.0,2.0
141.0,151.0,2.0
153.0,156.0,2.0
137.0,154.0,2.0
138.0,159.0,2.0
142.0,157.0,2.0
159.0,152.0,2.0
151.0,151.0,2.0
144.0,150.0,2.0
142.0,151.0,2.0
143.0,158.0,2.0
160.0,154.0,2.0
132.0,152.0,2.0
135.0,150.0,2.0
158.0,159.0,2.0
124.0,159.0,2.0
128.0,153.0,2.0
154.0,153.0,2.0
152.0,159.0,2.0
128.0,155.0,2.0
148.0,157.0,2.0
126.0,150.0,2.0
135.0,155.0,2.0
122.0,155.0,2.0
131.0,150.0,2.0
121.0,154.0,2.0
142.0,151.0,2.0
135.0,157.0,2.0
148.0,153.0,2.0
125.0,151.0,2.0
127.0,158.0,2.0
126.0,158.0,2.0
121.0,151.0,2.0
145.0,158.0,2.0
156.0,153.0,2.0
132.0,150.0,2.0
146.0,156.0,2.0
159.0,150.0,2.0
141.0,158.0,2.0
147.0,155.0,2.0
153.0,155.0,2.0
135.0,155.0,2.0
146.0,155.0,2.0
157.0,159.0,2.0
133.0,150.0,2.0
145.0,158.0,2.0
129.0,153.0,2.0
155.0,153.0,2.0
122.0,156.0,2.0
146.0,150.0,2.0
159.0,153.0,2.0
140.0,150.0,2.0
156.0,157.0,2.0
152.0,153.0,2.0
147.0,159.0,2.0
134.0,158.0,2.0
129.0,157.0,2.0
130.0,150.0,2.0
120.0,153.0,2.0
137.0,154.0,2.0
142.0,152.0,2.0
145.0,152.0,2.0
129.0,158.0,2.0
146.0,159.0,2.0
135.0,159.0,2.0
144.0,150.0,2.0
127.0,159.0,2.0
156.0,152.0,2.0
138.0,159.0,2.0
123.0,151.0,2.0
160.0,154.0,2.0
150.0,155.0,2.0
148.0,154.0,2.0
131.0,153.0,2.0
121.0,158.0,2.0
158.0,159.0,2.0
138.0,152.0,2.0
155.0,155.0,2.0
144.0,150.0,2.0
151.0,151.0,2.0
134.0,154.0,2.0
144.0,158.0,2.0
160.0,159.0,2.0
157.0,157.0,2.0
157.0,154.0,2.0
124.0,158.0,2.0
124.0,159.0,2.0
127.0,153.0,2.0
131.0,157.0,2.0
141.0,155.0,2.0
126.0,152.0,2.0
150.0,155.0,2.0
133.0,156.0,2.0
124.0,157.0,2.0
142.0,152.0,2.0
137.0,153.0,2.0
156.0,156.0,2.0
142.0,157.0,2.0
159.0,150.0,2.0
135.0,155.0,2.0
127.0,158.0,2.0
141.0,158.0,2.0
153.0,157.0,2.0
148.0,151.0,2.0
145.0,150.0,2.0
157.0,151.0,2.0
133.0,152.0,2.0
125.0,151.0,2.0
141.0,153.0,2.0
140.0,158.0,2.0
160.0,150.0,2.0
139.0,156.0,2.0
145.0,155.0,2.0
151.0,159.0,2.0
152.0,150.0,2.0
136.0,158.0,2.0
120.0,154.0,2.0
130.0,159.0,2.0
156.0,159.0,2.0
133.0,151.0,2.0
129.0,152.0,2.0
149.0,157.0,2.0
146.0,158.0,2.0
142.0,156.0,2.0
147.0,157.0,2.0
158.0,154.0,2.0
143.0,152.0,2.0
158.0,153.0,2.0
122.0,155.0,2.0
150.0,154.0,2.0
125.0,152.0,2.0
125.0,156.0,2.0
144.0,155.0,2.0
134.0,155.0,2.0
138.0,157.0,2.0
126.0,151.0,2.0
122.0,151.0,2.0
132.0,156.0,2.0
146.0,151.0,2.0
144.0,154.0,2.0
141.0,159.0,2.0
158.0,158.0,2.0
150.0,155.0,2.0
154.0,150.0,2.0
160.0,158.0,2.0
157.0,153.0,2.0
156.0,157.0,2.0
135.0,154.0,2.0
160.0,151.0,2.0
150.0,159.0,2.0
143.0,151.0,2.0
133.0,159.0,2.0
153.0,157.0,2.0
156.0,153.0,2.0
133.0,154.0,2.0
144.0,150.0,2.0
132.0,150.0,2.0
143.0,155.0,2.0
157.0,153.0,2.0
129.0,159.0,2.0
150.0,159.0,2.0
129.0,153.0,2.0
141.0,154.0,2.0
139.0,153.0,2.0
147.0,155.0,2.0
132.0,155.0,2.0
125.0,155.0,2.0
123.0,153.0,2.0
160.0,156.0,2.0
157.0,157.0,2.0
128.0,158.0,2.0
157.0,150.0,2.0
130.0,157.0,2.0
125.0,151.0,2.0
128.0,159.0,2.0
125.0,153.0,2.0
158.0,153.0,2.0
156.0,159.0,2.0
157.0,155.0,2.0
143.0,152.0,2.0
153.0,154.0,2.0
155.0,159.0,2.0
143.0,154.0,2.0
154.0,159.0,2.0
123.0,150.0,2.0
120.0,150.0,2.0
156.0,157.0,2.0
152.0,150.0,2.0
139.0,159.0,2.0
160.0,156.0,2.0
128.0,158.0,2.0
126.0,159.0,2.0
128.0,158.0,2.0
126.0,158.0,2.0
138.0,151.0,2.0
147.0,155.0,2.0
123.0,151.0,2.0
138.0,154.0,2.0
149.0,157.0,2.0
124.0,152.0,2.0
124.0,155.0,2.0
139.0,150.0,2.0
144.0,154.0,2.0
141.0,153.0,2.0
129.0,151.0,2.0
129.0,159.0,2.0
138.0,152.0,2.0
146.0,150.0,2.0
156.0,156.0,2.0
151.0,156.0,2.0
156.0,155.0,2.0
151.0,150.0,2.0
120.0,151.0,2.0
146.0,153.0,2.0
138.0,152.0,2.0
150.0,156.0,2.0
146.0,155.0,2.0
147.0,155.0,2.0
146.0,156.0,2.0
157.0,150.0,2.0
129.0,159.0,2.0
148.0,159.0,2.0
146.0,154.0,2.0
130.0,158.0,2.0
146.0,153.0,2.0
123.0,157.0,2.0
159.0,154.0,2.0
152.0,158.0,2.0
153.0,152.0,2.0
137.0,152.0,2.0
131.0,154.0,2.0
128.0,157.0,2.0
151.0,157.0,2.0
160.0,150.0,2.0
120.0,155.0,2.0
147.0,156.0,2.0
120.0,158.0,2.0
159.0,159.0,2.0
157.0,156.0,2.0
122.0,154.0,2.0
136.0,154.0,2.0
154.0,153.0,2.0
144.0,156.0,2.0
149.0,155.0,2.0
152.0,157.0,2.0
132.0,151.0,2.0
127.0,158.0,2.0
130.0,159.0,2.0
147.0,158.0,2.0
141.0,154.0,2.0
140.0,158.0,2.0
148.0,158.0,2.0
141.0,154.0,2.0
129.0,153.0,2.0
123.0,152.0,2.0
140.0,156.0,2.0
160.0,153.0,2.0
120.0,156.0,2.0
141.0,151.0,2.0
122.0,155.0,2.0
128.0,155.0,2.0
141.0,152.0,2.0
152.0,152.0,2.0
130.0,151.0,2.0
134.0,151.0,2.0
143.0,153.0,2.0
131.0,153.0,2.0
137.0,152.0,2.0
129.0,154.0,2.0
151.0,158.0,2.0
147.0,154.0,2.0
135.0,150.0,2.0
127.0,153.0,2.0
152.0,155.0,2.0
128.0,159.0,2.0
160.0,154.0,2.0
140.0,157.0,2.0
149.0,150.0,2.0
137.0,153.0,2.0
151.0,156.0,2.0
130.0,153.0,2.0
121.0,158.0,2.0
121.0,150.0,2.0
151.0,152.0,2.0
126.0,155.0,2.0
138.0,154.0,2.0
141.0,152.0,2.0
133.0,158.0,2.0
120.0,150.0,2.0
123.0,159.0,2.0
133.0,157.0,2.0
160.0,155.0,2.0
120.0,156.0,2.0
121.0,152.0,2.0
144.0,152.0,2.0
157.0,151.0,2.0
159.0,156.0,2.0
144.0,157.0,2.0
157.0,155.0,2.0
124.0,159.0,2.0
130.0,159.0,2.0
153.0,155.0,2.0
158.0,154.0,2.0
143.0,154.0,2.0
132.0,153.0,2.0
137.0,151.0,2.0
155.0,150.0,2.0
149.0,157.0,2.0
159.0,154.0,2.0
125.0,159.0,2.0
149.0,154.0,2.0
141.0,154.0,2.0
136.0,156.0,2.0
132.0,150.0,2.0
131.0,156.0,2.0
132.0,155.0,2.0
133.0,150.0,2.0
157.0,150.0,2.0
146.0,159.0,2.0
144.0,154.0,2.0
143.0,153.0,2.0
159.0,153.0,2.0
123.0,154.0,2.0
127.0,154.0,2.0
153.0,154.0,2.0
141.0,157.0,2.0
159.0,153.0,2.0
123.0,156.0,2.0
154.0,153.0,2.0
156.0,158.0,2.0
141.0,158.0,2.0
152.0,156.0,2.0
136.0,155.0,2.0
135.0,152.0,2.0
129.0,152.0,2.0
152.0,152.0,2.0
142.0,150.0,2.0
122.0,156.0,2.0
124.0,157.0,2.0
129.0,151.0,2.0
123.0,151.0,2.0
135.0,156.0,2.0
147.0,155.0,2.0
122.0,157.0,2.0
145.0,150.0,2.0
142.0,150.0,2.0
154.0,159.0,2.0
132.0,153.0,2.0
135.0,155.0,2.0
152.0,153.0,2.0
128.0,158.0,2.0
152.0,159.0,2.0
122.0,156.0,2.0
144.0,150.0,2.0
125.0,156.0,2.0
130.0,159.0,2.0
126.0,150.0,2.0
131.0,153.0,2.0
160.0,158.0,2.0
144.0,159.0,2.0
160.0,159.0,2.0
153.0,157.0,2.0
142.0,152.0,2.0
120.0,154.0,2.0
127.0,159.0,2.0
121.0,155.0,2.0
144.0,154.0,2.0
122.0,155.0,2.0
160.0,157.0,2.0
142.0,157.0,2.0
123.0,155.0,2.0
144.0,158.0,2.0
152.0,152.0,2.0
160.0,155.0,2.0
123.0,151.0,2.0
139.0,156.0,2.0
144.0,150.0,2.0
152.0,157.0,2.0
125.0,150.0,2.0
132.0,153.0,2.0
121.0,158.0,2.0
145.0,155.0,2.0
149.0,156.0,2.0
156.0,155.0,2.0
134.0,151.0,2.0
149.0,155.0,2.0
134.0,150.0,2.0
120.0,154.0,2.0
135.0,151.0,2.0
154.0,159.0,2.0
138.0,158.0,2.0
152.0,151.0,2.0
122.0,153.0,2.0
147.0,159.0,2.0
150.0,159.0,2.0
146.0,157.0,2.0
123.0,152.0,2.0
150.0,151.0,2.0
138.0,155.0,2.0
123.0,159.0,2.0
121.0,159.0,2.0
142.0,158.0,2.0
160.0,158.0,2.0
141.0,155.0,2.0
142.0,153.0,2.0
123.0,158.0,2.0
131.0,154.0,2.0
152.0,159.0,2.0
128.0,159.0,2.0
133.0,150.0,2.0
146.0,155.0,2.0
137.0,158.0,2.0
148.0,151.0,2.0
123.0,156.0,2.0
144.0,156.0,2.0
125.0,159.0,2.0
135.0,157.0,2.0
144.0,159.0,2.0
153.0,152.0,2.0
134.0,159.0,2.0
127.0,158.0,2.0
159.0,155.0,2.0
151.0,158.0,2.0
138.0,152.0,2.0
158.0,155.0,2.0
154.0,152.0,2.0
145.0,151.0,2.0
136.0,152.0,2.0
151.0,154.0,2.0
123.0,158.0,2.0
123.0,157.0,2.0
153.0,150.0,2.0
131.0,159.0,2.0
160.0,156.0,2.0
126.0,154.0,2.0
126.0,157.0,2.0
139.0,151.0,2.0
144.0,151.0,2.0
142.0,153.0,2.0
153.0,156.0,2.0
155.0,155.0,2.0
149.0,152.0,2.0
122.0,153.0,2.0
141.0,159.0,2.0
150.0,157.0,2.0
147.0,152.0,2.0
137.0,159.0,2.0
159.0,159.0,2.0
144.0,153.0,2.0
138.0,159.0,2.0
140.0,152.0,2.0
140.0,154.0,2.0
139.0,156.0,2.0
131.0,151.0,2.0
148.0,154.0,2.0
159.0,153.0,2.0
158.0,150.0,2.0
149.0,157.0,2.0
146.0,152.0,2.0
154.0,155.0,2.0
148.0,151.0,2.0
154.0,153.0,2.0
139.0,151.0,2.0
131.0,154.0,2.0
160.0,152.0,2.0
141.0,152.0,2.0
143.0,159.0,2.0
151.0,150.0,2.0
125.0,158.0,2.0
144.0,156.0,2.0
128.0,152.0,2.0
154.0,156.0,2.0
151.0,158.0,2.0
143.0,152.0,2.0
191.0,101.0,3.0
190.0,132.0,3.0
189.0,137.0,3.0
199.0,108.0,3.0
191.0,135.0,3.0
196.0,183.0,3.0
193.0,190.0,3.0
193.0,109.0,3.0
192.0,104.0,3.0
190.0,123.0,3.0
195.0,115.0,3.0
191.0,107.0,3.0
193.0,114.0,3.0
191.0,155.0,3.0
198.0,198.0,3.0
188.0,197.0,3.0
197.0,188.0,3.0
198.0,193.0,3.0
193.0,195.0,3.0
189.0,163.0,3.0
188.0,102.0,3.0
197.0,177.0,3.0
198.0,150.0,3.0
194.0,165.0,3.0
191.0,109.0,3.0
188.0,190.0,3.0
192.0,148.0,3.0
193.0,124.0,3.0
196.0,145.0,3.0
191.0,147.0,3.0
189.0,177.0,3.0
189.0,198.0,3.0
193.0,113.0,3.0
196.0,143.0,3.0
192.0,197.0,3.0
198.0,140.0,3.0
198.0,133.0,3.0
188.0,137.0,3.0
192.0,197.0,3.0
196.0,150.0,3.0
197.0,112.0,3.0
193.0,133.0,3.0
191.0,170.0,3.0
188.0,136.0,3.0
199.0,167.0,3.0
199.0,196.0,3.0
191.0,119.0,3.0
188.0,130.0,3.0
196.0,189.0,3.0
193.0,171.0,3.0
199.0,120.0,3.0
190.0,126.0,3.0
191.0,151.0,3.0
196.0,180.0,3.0
197.0,194.0,3.0
195.0,123.0,3.0
193.0,119.0,3.0
190.0,140.0,3.0
192.0,152.0,3.0
193.0,161.0,3.0
199.0,109.0,3.0
191.0,106.0,3.0
195.0,173.0,3.0
195.0,198.0,3.0
189.0,194.0,3.0
195.0,140.0,3.0
195.0,101.0,3.0
193.0,148.0,3.0
190.0,135.0,3.0
193.0,177.0,3.0
197.0,128.0,3.0
192.0,138.0,3.0
196.0,149.0,3.0
192.0,102.0,3.0
192.0,161.0,3.0
196.0,184.0,3.0
188.0,117.0,3.0
189.0,161.0,3.0
198.0,167.0,3.0
192.0,103.0,3.0
188.0,114.0,3.0
193.0,143.0,3.0
198.0,124.0,3.0
199.0,169.0,3.0
199.0,182.0,3.0
189.0,145.0,3.0
188.0,150.0,3.0
188.0,196.0,3.0
194.0,110.0,3.0
196.0,109.0,3.0
194.0,117.0,3.0
199.0,143.0,3.0
196.0,109.0,3.0
195.0,174.0,3.0
194.0,182.0,3.0
190.0,122.0,3.0
196.0,163.0,3.0
188.0,142.0,3.0
198.0,128.0,3.0
194.0,179.0,3.0
194.0,188.0,3.0
193.0,152.0,3.0
189.0,138.0,3.0
196.0,106.0,3.0
199.0,150.0,3.0
194.0,187.0,3.0
194.0,132.0,3.0
198.0,181.0,3.0
192.0,137.0,3.0
194.0,200.0,3.0
193.0,141.0,3.0
199.0,161.0,3.0
194.0,163.0,3.0
199.0,146.0,3.0
193.0,191.0,3.0
194.0,185.0,3.0
194.0,175.0,3.0
199.0,166.0,3.0
193.0,175.0,3.0
199.0,179.0,3.0
197.0,121.0,3.0
198.0,177.0,3.0
191.0,135.0,3.0
195.0,161.0,3.0
192.0,100.0,3.0
195.0,143.0,3.0
189.0,110.0,3.0
198.0,166.0,3.0
188.0,141.0,3.0
198.0,136.0,3.0
195.0,123.0,3.0
198.0,149.0,3.0
188.0,152.0,3.0
196.0,109.0,3.0
189.0,152.0,3.0
194.0,164.0,3.0
199.0,175.0,3.0
190.0,127.0,3.0
196.0,123.0,3.0
198.0,195.0,3.0
199.0,200.0,3.0
188.0,121.0,3.0
197.0,179.0,3.0
196.0,194.0,3.0
197.0,188.0,3.0
198.0,138.0,3.0
191.0,181.0,3.0
188.0,170.0,3.0
189.0,183.0,3.0
193.0,104.0,3.0
198.0,152.0,3.0
192.0,192.0,3.0
195.0,139.0,3.0
195.0,198.0,3.0
190.0,154.0,3.0
196.0,164.0,3.0
191.0,182.0,3.0
190.0,109.0,3.0
192.0,200.0,3.0
199.0,190.0,3.0
193.0,171.0,3.0
195.0,110.0,3.0
190.0,147.0,3.0
192.0,191.0,3.0
193.0,172.0,3.0
191.0,198.0,3.0
188.0,184.0,3.0
191.0,134.0,3.0
191.0,200.0,3.0
194.0,120.0,3.0
198.0,143.0,3.0
199.0,167.0,3.0
199.0,128.0,3.0
191.0,135.0,3.0
198.0,189.0,3.0
194.0,163.0,3.0
192.0,193.0,3.0
198.0,137.0,3.0
197.0,151.0,3.0
188.0,177.0,3.0
199.0,120.0,3.0
199.0,185.0,3.0
197.0,164.0,3.0
190.0,153.0,3.0
194.0,113.0,3.0
195.0,108.0,3.0
198.0,157.0,3.0
193.0,194.0,3.0
196.0,155.0,3.0
190.0,121.0,3.0
188.0,170.0,3.0
192.0,100.0,3.0
198.0,110.0,3.0
195.0,170.0,3.0
199.0,129.0,3.0
193.0,185.0,3.0
198.0,125.0,3.0
195.0,197.0,3.0
188.0,169.0,3.0
190.0,166.0,3.0
195.0,193.0,3.0
193.0,199.0,3.0
191.0,171.0,3.0
198.0,146.0,3.0
195.0,153.0,3.0
195.0,174.0,3.0
194.0,158.0,3.0
198.0,191.0,3.0
191.0,139.0,3.0
193.0,185.0,3.0
198.0,160.0,3.0
194.0,132.0,3.0
192.0,125.0,3.0
198.0,191.0,3.0
195.0,187.0,3.0
198.0,116.0,3.0
191.0,146.0,3.0
194.0,116.0,3.0
193.0,142.0,3.0
192.0,137.0,3.0
198.0,144.0,3.0
190.0,190.0,3.0
188.0,127.0,3.0
191.0,184.0,3.0
192.0,126.0,3.0
192.0,109.0,3.0
192.0,176.0,3.0
189.0,138.0,3.0
198.0,198.0,3.0
195.0,162.0,3.0
197.0,134.0,3.0
190.0,153.0,3.0
198.0,168.0,3.0
192.0,130.0,3.0
196.0,175.0,3.0
194.0,118.0,3.0
194.0,200.0,3.0
190.0,121.0,3.0
195.0,117.0,3.0
191.0,172.0,3.0
190.0,123.0,3.0
195.0,166.0,3.0
188.0,138.0,3.0
188.0,153.0,3.0
198.0,146.0,3.0
188.0,128.0,3.0
192.0,136.0,3.0
196.0,112.0,3.0
192.0,161.0,3.0
190.0,161.0,3.0
199.0,147.0,3.0
194.0,131.0,3.0
188.0,195.0,3.0
188.0,178.0,3.0
198.0,163.0,3.0
194.0,159.0,3.0
199.0,125.0,3.0
193.0,184.0,3.0
197.0,176.0,3.0
198.0,144.0,3.0
197.0,156.0,3.0
189.0,160.0,3.0
192.0,119.0,3.0
188.0,139.0,3.0
191.0,186.0,3.0
199.0,150.0,3.0
194.0,182.0,3.0
191.0,120.0,3.0
191.0,156.0,3.0
199.0,159.0,3.0
188.0,151.0,3.0
188.0,184.0,3.0
188.0,173.0,3.0
189.0,169.0,3.0
196.0,108.0,3.0
191.0,196.0,3.0
195.0,191.0,3.0
194.0,108.0,3.0
189.0,176.0,3.0
188.0,134.0,3.0
191.0,111.0,3.0
190.0,144.0,3.0
189.0,125.0,3.0
192.0,169.0,3.0
192.0,192.0,3.0
188.0,169.0,3.0
190.0,138.0,3.0
190.0,194.0,3.0
188.0,130.0,3.0
192.0,135.0,3.0
193.0,139.0,3.0
194.0,176.0,3.0
190.0,160.0,3.0
192.0,195.0,3.0
195.0,143.0,3.0
195.0,103.0,3.0
188.0,131.0,3.0
192.0,133.0,3.0
191.0,146.0,3.0
192.0,194.0,3.0
190.0,139.0,3.0
196.0,160.0,3.0
195.0,195.0,3.0
196.0,198.0,3.0
199.0,163.0,3.0
192.0,117.0,3.0
188.0,115.0,3.0
191.0,158.0,3.0
195.0,178.0,3.0
191.0,163.0,3.0
195.0,140.0,3.0
190.0,144.0,3.0
196.0,132.0,3.0
195.0,178.0,3.0
195.0,130.0,3.0
188.0,138.0,3.0
193.0,100.0,3.0
198.0,124.0,3.0
199.0,191.0,3.0
191.0,134.0,3.0
199.0,138.0,3.0
197.0,141.0,3.0
189.0,192.0,3.0
196.0,106.0,3.0
198.0,105.0,3.0
197.0,198.0,3.0
195.0,132.0,3.0
198.0,163.0,3.0
188.0,133.0,3.0
193.0,114.0,3.0
190.0,150.0,3.0
191.0,179.0,3.0
198.0,170.0,3.0
198.0,144.0,3.0
196.0,106.0,3.0
198.0,111.0,3.0
193.0,167.0,3.0
196.0,148.0,3.0
197.0,154.0,3.0
192.0,195.0,3.0
188.0,165.0,3.0
197.0,149.0,3.0
190.0,102.0,3.0
195.0,118.0,3.0
197.0,133.0,3.0
191.0,115.0,3.0
194.0,168.0,3.0
195.0,103.0,3.0
190.0,119.0,3.0
193.0,176.0,3.0
199.0,117.0,3.0
191.0,179.0,3.0
193.0,165.0,3.0
191.0,154.0,3.0
197.0,155.0,3.0
191.0,126.0,3.0
199.0,157.0,3.0
195.0,189.0,3.0
199.0,147.0,3.0
199.0,163.0,3.0
193.0,191.0,3.0
193.0,140.0,3.0
197.0,104.0,3.0
194.0,147.0,3.0
189.0,178.0,3.0
195.0,133.0,3.0
190.0,154.0,3.0
195.0,169.0,3.0
194.0,135.0,3.0
189.0,110.0,3.0
197.0,159.0,3.0
195.0,117.0,3.0
199.0,146.0,3.0
194.0,134.0,3.0
196.0,123.0,3.0
197.0,193.0,3.0
191.0,190.0,3.0
192.0,159.0,3.0
188.0,171.0,3.0
197.0,128.0,3.0
190.0,190.0,3.0
199.0,147.0,3.0
192.0,164.0,3.0
192.0,169.0,3.0
190.0,103.0,3.0
197.0,185.0,3.0
190.0,160.0,3.0
189.0,164.0,3.0
195.0,145.0,3.0
196.0,184.0,3.0
190.0,175.0,3.0
191.0,161.0,3.0
190.0,113.0,3.0
189.0,139.0,3.0
194.0,179.0,3.0
192.0,119.0,3.0
194.0,188.0,3.0
191.0,184.0,3.0
195.0,114.0,3.0
188.0,170.0,3.0
194.0,151.0,3.0
191.0,141.0,3.0
199.0,152.0,3.0
191.0,154.0,3.0
199.0,160.0,3.0
198.0,133.0,3.0
194.0,162.0,3.0
192.0,144.0,3.0
197.0,176.0,3.0
189.0,152.0,3.0
189.0,135.0,3.0
197.0,118.0,3.0
197.0,118.0,3.0
189.0,189.0,3.0
197.0,161.0,3.0
198.0,109.0,3.0
188.0,193.0,3.0
191.0,147.0,3.0
188.0,187.0,3.0
188.0,161.0,3.0
195.0,102.0,3.0
196.0,155.0,3.0
196.0,133.0,3.0
195.0,154.0,3.0
196.0,128.0,3.0
193.0,200.0,3.0
188.0,119.0,3.0
197.0,102.0,3.0
195.0,157.0,3.0
195.0,127.0,3.0
194.0,145.0,3.0
191.0,173.0,3.0
192.0,135.0,3.0
198.0,195.0,3.0
189.0,108.0,3.0
189.0,188.0,3.0
197.0,121.0,3.0
192.0,126.0,3.0
194.0,194.0,3.0
189.0,101.0,3.0
191.0,125.0,3.0
197.0,125.0,3.0
199.0,127.0,3.0
188.0,119.0,3.0
189.0,126.0,3.0
190.0,107.0,3.0
195.0,103.0,3.0
189.0,175.0,3.0
193.0,119.0,3.0
196.0,116.0,3.0
193.0,118.0,3.0
196.0,114.0,3.0
195.0,166.0,3.0
195.0,121.0,3.0
190.0,191.0,3.0
198.0,120.0,3.0
193.0,103.0,3.0
189.0,136.0,3.0
192.0,195.0,3.0
188.0,158.0,3.0
189.0,134.0,3.0
193.0,185.0,3.0
197.0,163.0,3.0
188.0,140.0,3.0
189.0,149.0,3.0
196.0,182.0,3.0
188.0,117.0,3.0
196.0,108.0,3.0
195.0,136.0,3.0
189.0,136.0,3.0
196.0,198.0,3.0
192.0,158.0,3.0
190.0,107.0,3.0
190.0,172.0,3.0
189.0,200.0,3.0
199.0,158.0,3.0
189.0,134.0,3.0
196.0,125.0,3.0
189.0,165.0,3.0
196.0,104.0,3.0
194.0,115.0,3.0
196.0,145.0,3.0
195.0,101.0,3.0
193.0,181.0,3.0
194.0,111.0,3.0
198.0,122.0,3.0
188.0,144.0,3.0
189.0,187.0,3.0
188.0,150.0,3.0
188.0,162.0,3.0
190.0,149.0,3.0
197.0,135.0,3.0
190.0,164.0,3.0
193.0,168.0,3.0
190.0,192.0,3.0
196.0,110.0,3.0
198.0,167.0,3.0
196.0,173.0,3.0
188.0,183.0,3.0
189.0,189.0,3.0
204.0,198.0,3.0
195.0,198.0,3.0
205.0,197.0,3.0
202.0,193.0,3.0
172.0,200.0,3.0
193.0,197.0,3.0
217.0,200.0,3.0
215.0,191.0,3.0
198.0,193.0,3.0
214.0,196.0,3.0
200.0,196.0,3.0
211.0,196.0,3.0
194.0,199.0,3.0
177.0,194.0,3.0
210.0,200.0,3.0
200.0,196.0,3.0
183.0,193.0,3.0
208.0,191.0,3.0
201.0,193.0,3.0
180.0,195.0,3.0
195.0,196.0,3.0
180.0,195.0,3.0
199.0,192.0,3.0
187.0,199.0,3.0
199.0,196.0,3.0
178.0,191.0,3.0
194.0,194.0,3.0
172.0,192.0,3.0
203.0,200.0,3.0
175.0,200.0,3.0
211.0,194.0,3.0
208.0,200.0,3.0
210.0,193.0,3.0
193.0,190.0,3.0
210.0,190.0,3.0
206.0,196.0,3.0
193.0,193.0,3.0
188.0,195.0,3.0
190.0,194.0,3.0
200.0,200.0,3.0
175.0,193.0,3.0
191.0,200.0,3.0
218.0,198.0,3.0
179.0,199.0,3.0
198.0,199.0,3.0
212.0,192.0,3.0
174.0,194.0,3.0
196.0,195.0,3.0
176.0,190.0,3.0
189.0,195.0,3.0
216.0,194.0,3.0
193.0,192.0,3.0
194.0,192.0,3.0
211.0,198.0,3.0
192.0,195.0,3.0
218.0,191.0,3.0
212.0,191.0,3.0
212.0,195.0,3.0
186.0,200.0,3.0
193.0,190.0,3.0
202.0,198.0,3.0
194.0,190.0,3.0
172.0,191.0,3.0
213.0,190.0,3.0
172.0,191.0,3.0
180.0,198.0,3.0
174.0,194.0,3.0
193.0,190.0,3.0
209.0,192.0,3.0
179.0,198.0,3.0
214.0,195.0,3.0
185.0,196.0,3.0
199.0,190.0,3.0
194.0,193.0,3.0
173.0,191.0,3.0
219.0,191.0,3.0
201.0,200.0,3.0
194.0,198.0,3.0
201.0,195.0,3.0
173.0,193.0,3.0
216.0,190.0,3.0
216.0,190.0,3.0
212.0,194.0,3.0
184.0,192.0,3.0
175.0,197.0,3.0
199.0,196.0,3.0
181.0,192.0,3.0
182.0,193.0,3.0
197.0,200.0,3.0
174.0,195.0,3.0
184.0,199.0,3.0
196.0,199.0,3.0
212.0,193.0,3.0
195.0,198.0,3.0
212.0,196.0,3.0
208.0,191.0,3.0
197.0,196.0,3.0
209.0,190.0,3.0
211.0,197.0,3.0
201.0,197.0,3.0
197.0,194.0,3.0
180.0,194.0,3.0
210.0,200.0,3.0
214.0,198.0,3.0
210.0,192.0,3.0
189.0,191.0,3.0
214.0,195.0,3.0
208.0,196.0,3.0
175.0,196.0,3.0
216.0,200.0,3.0
205.0,200.0,3.0
210.0,191.0,3.0
182.0,196.0,3.0
186.0,194.0,3.0
217.0,200.0,3.0
212.0,198.0,3.0
208.0,195.0,3.0
196.0,196.0,3.0
174.0,197.0,3.0
203.0,191.0,3.0
213.0,191.0,3.0
192.0,197.0,3.0
179.0,197.0,3.0
199.0,194.0,3.0
215.0,193.0,3.0
176.0,191.0,3.0
205.0,200.0,3.0
179.0,198.0,3.0
173.0,194.0,3.0
198.0,193.0,3.0
185.0,200.0,3.0
186.0,197.0,3.0
198.0,191.0,3.0
190.0,195.0,3.0
202.0,190.0,3.0
171.0,194.0,3.0
185.0,198.0,3.0
213.0,196.0,3.0
172.0,192.0,3.0
171.0,194.0,3.0
185.0,199.0,3.0
199.0,193.0,3.0
217.0,196.0,3.0
194.0,190.0,3.0
181.0,194.0,3.0
215.0,198.0,3.0
190.0,198.0,3.0
214.0,194.0,3.0
188.0,195.0,3.0
176.0,193.0,3.0
210.0,195.0,3.0
180.0,197.0,3.0
193.0,196.0,3.0
196.0,195.0,3.0
214.0,190.0,3.0
197.0,195.0,3.0
174.0,190.0,3.0
219.0,198.0,3.0
218.0,190.0,3.0
198.0,192.0,3.0
182.0,191.0,3.0
214.0,199.0,3.0
214.0,200.0,3.0
178.0,191.0,3.0
217.0,196.0,3.0
192.0,195.0,3.0
204.0,198.0,3.0
196.0,197.0,3.0
188.0,190.0,3.0
205.0,192.0,3.0
187.0,194.0,3.0
174.0,192.0,3.0
171.0,199.0,3.0
175.0,199.0,3.0
197.0,198.0,3.0
184.0,193.0,3.0
218.0,190.0,3.0
174.0,192.0,3.0
214.0,193.0,3.0
171.0,193.0,3.0
175.0,199.0,3.0
196.0,190.0,3.0
182.0,191.0,3.0
193.0,195.0,3.0
204.0,196.0,3.0
173.0,192.0,3.0
216.0,198.0,3.0
186.0,194.0,3.0
172.0,196.0,3.0
179.0,195.0,3.0
188.0,197.0,3.0
191.0,197.0,3.0
186.0,190.0,3.0
215.0,193.0,3.0
216.0,195.0,3.0
188.0,198.0,3.0
198.0,199.0,3.0
214.0,193.0,3.0
195.0,198.0,3.0
211.0,195.0,3.0
178.0,195.0,3.0
198.0,193.0,3.0
173.0,191.0,3.0
178.0,190.0,3.0
177.0,193.0,3.0
203.0,194.0,3.0
210.0,197.0,3.0
209.0,195.0,3.0
190.0,199.0,3.0
177.0,191.0,3.0
219.0,192.0,3.0
198.0,190.0,3.0
200.0,196.0,3.0
176.0,196.0,3.0
197.0,200.0,3.0
190.0,195.0,3.0
211.0,199.0,3.0
212.0,197.0,3.0
185.0,198.0,3.0
188.0,199.0,3.0
210.0,198.0,3.0
184.0,195.0,3.0
178.0,190.0,3.0
189.0,192.0,3.0
203.0,193.0,3.0
185.0,197.0,3.0
184.0,196.0,3.0
179.0,192.0,3.0
174.0,191.0,3.0
186.0,194.0,3.0
219.0,198.0,3.0
196.0,190.0,3.0
184.0,195.0,3.0
178.0,195.0,3.0
188.0,197.0,3.0
184.0,200.0,3.0
189.0,194.0,3.0
171.0,193.0,3.0
219.0,199.0,3.0
174.0,195.0,3.0
194.0,194.0,3.0
207.0,198.0,3.0
180.0,200.0,3.0
210.0,199.0,3.0
188.0,191.0,3.0
206.0,198.0,3.0
183.0,199.0,3.0
207.0,194.0,3.0
183.0,192.0,3.0
188.0,192.0,3.0
180.0,198.0,3.0
172.0,191.0,3.0
193.0,199.0,3.0
203.0,198.0,3.0
174.0,199.0,3.0
175.0,195.0,3.0
178.0,194.0,3.0
211.0,193.0,3.0
183.0,200.0,3.0
180.0,200.0,3.0
216.0,197.0,3.0
218.0,193.0,3.0
200.0,193.0,3.0
198.0,192.0,3.0
211.0,200.0,3.0
213.0,200.0,3.0
191.0,200.0,3.0
172.0,196.0,3.0
174.0,197.0,3.0
178.0,192.0,3.0
181.0,196.0,3.0
197.0,199.0,3.0
201.0,200.0,3.0
199.0,190.0,3.0
187.0,198.0,3.0
196.0,192.0,3.0
173.0,192.0,3.0
182.0,200.0,3.0
192.0,198.0,3.0
180.0,197.0,3.0
172.0,194.0,3.0
197.0,195.0,3.0
197.0,199.0,3.0
208.0,197.0,3.0
211.0,190.0,3.0
213.0,200.0,3.0
196.0,194.0,3.0
197.0,191.0,3.0
199.0,191.0,3.0
176.0,191.0,3.0
214.0,199.0,3.0
193.0,192.0,3.0
196.0,196.0,3.0
203.0,199.0,3.0
214.0,197.0,3.0
181.0,195.0,3.0
219.0,199.0,3.0
217.0,194.0,3.0
176.0,199.0,3.0
197.0,195.0,3.0
197.0,193.0,3.0
176.0,200.0,3.0
188.0,200.0,3.0
172.0,199.0,3.0
182.0,197.0,3.0
184.0,191.0,3.0
210.0,196.0,3.0
181.0,197.0,3.0
209.0,192.0,3.0
211.0,198.0,3.0
211.0,199.0,3.0
216.0,196.0,3.0
189.0,200.0,3.0
171.0,192.0,3.0
209.0,193.0,3.0
189.0,197.0,3.0
185.0,198.0,3.0
207.0,192.0,3.0
208.0,195.0,3.0
214.0,199.0,3.0
215.0,200.0,3.0
216.0,198.0,3.0
213.0,194.0,3.0
175.0,193.0,3.0
186.0,193.0,3.0
210.0,197.0,3.0
209.0,196.0,3.0
202.0,191.0,3.0
218.0,199.0,3.0
178.0,193.0,3.0
177.0,191.0,3.0
193.0,195.0,3.0
186.0,199.0,3.0
190.0,199.0,3.0
198.0,197.0,3.0
208.0,196.0,3.0
218.0,191.0,3.0
197.0,200.0,3.0
194.0,200.0,3.0
172.0,192.0,3.0
203.0,200.0,3.0
215.0,194.0,3.0
206.0,194.0,3.0
185.0,190.0,3.0
201.0,191.0,3.0
214.0,191.0,3.0
209.0,197.0,3.0
200.0,200.0,3.0
205.0,200.0,3.0
189.0,193.0,3.0
180.0,196.0,3.0
199.0,192.0,3.0
197.0,195.0,3.0
177.0,196.0,3.0
175.0,193.0,3.0
219.0,190.0,3.0
193.0,197.0,3.0
195.0,190.0,3.0
203.0,199.0,3.0
192.0,193.0,3.0
184.0,192.0,3.0
183.0,200.0,3.0
217.0,192.0,3.0
200.0,197.0,3.0
197.0,190.0,3.0
200.0,190.0,3.0
209.0,198.0,3.0
207.0,190.0,3.0
203.0,200.0,3.0
184.0,197.0,3.0
203.0,192.0,3.0
174.0,192.0,3.0
211.0,199.0,3.0
172.0,190.0,3.0
191.0,194.0,3.0
177.0,195.0,3.0
206.0,191.0,3.0
170.0,193.0,3.0
202.0,194.0,3.0
212.0,199.0,3.0
209.0,192.0,3.0
209.0,195.0,3.0
216.0,193.0,3.0
194.0,197.0,3.0
208.0,191.0,3.0
175.0,197.0,3.0
190.0,191.0,3.0
175.0,196.0,3.0
202.0,190.0,3.0
174.0,194.0,3.0
202.0,192.0,3.0
208.0,192.0,3.0
199.0,200.0,3.0
182.0,198.0,3.0
175.0,193.0,3.0
170.0,193.0,3.0
218.0,190.0,3.0
176.0,194.0,3.0
217.0,195.0,3.0
219.0,191.0,3.0
204.0,190.0,3.0
219.0,199.0,3.0
175.0,197.0,3.0
176.0,191.0,3.0
192.0,200.0,3.0
191.0,196.0,3.0
183.0,192.0,3.0
215.0,191.0,3.0
215.0,200.0,3.0
206.0,191.0,3.0
212.0,200.0,3.0
210.0,197.0,3.0
181.0,196.0,3.0
199.0,192.0,3.0
188.0,197.0,3.0
218.0,195.0,3.0
171.0,200.0,3.0
172.0,200.0,3.0
193.0,194.0,3.0
219.0,200.0,3.0
215.0,195.0,3.0
193.0,196.0,3.0
196.0,195.0,3.0
213.0,191.0,3.0
190.0,191.0,3.0
174.0,197.0,3.0
185.0,197.0,3.0
176.0,194.0,3.0
172.0,194.0,3.0
181.0,200.0,3.0
217.0,194.0,3.0
213.0,200.0,3.0
180.0,194.0,3.0
212.0,200.0,3.0
170.0,195.0,3.0
170.0,196.0,3.0
187.0,190.0,3.0
217.0,198.0,3.0
170.0,194.0,3.0
193.0,198.0,3.0
192.0,198.0,3.0
206.0,199.0,3.0
216.0,191.0,3.0
170.0,192.0,3.0
215.0,192.0,3.0
181.0,193.0,3.0
202.0,191.0,3.0
200.0,200.0,3.0
181.0,191.0,3.0
170.0,198.0,3.0
178.0,198.0,3.0
179.0,198.0,3.0
181.0,191.0,3.0
218.0,194.0,3.0
173.0,193.0,3.0
184.0,190.0,3.0
197.0,196.0,3.0
201.0,199.0,3.0
211.0,193.0,3.0
180.0,196.0,3.0
204.0,192.0,3.0
202.0,198.0,3.0
212.0,197.0,3.0
202.0,192.0,3.0
188.0,190.0,3.0
206.0,195.0,3.0
179.0,195.0,3.0
200.0,196.0,3.0
194.0,196.0,3.0
175.0,196.0,3.0
209.0,196.0,3.0
176.0,195.0,3.0
212.0,197.0,3.0
175.0,194.0,3.0
193.0,200.0,3.0
198.0,197.0,3.0
194.0,200.0,3.0
214.0,195.0,3.0
207.0,196.0,3.0
185.0,190.0,3.0
213.0,191.0,3.0
205.0,190.0,3.0
201.0,192.0,3.0
202.0,199.0,3.0
198.0,200.0,3.0
179.0,200.0,3.0
171.0,192.0,3.0
218.0,197.0,3.0
174.0,193.0,3.0
170.0,194.0,3.0
187.0,192.0,3.0
219.0,198.0,3.0
207.0,196.0,3.0
189.0,193.0,3.0
183.0,198.0,3.0
218.0,199.0,3.0
185.0,193.0,3.0
180.0,195.0,3.0
219.0,194.0,3.0
174.0,198.0,3.0
181.0,106.0,3.0
178.0,103.0,3.0
171.0,100.0,3.0
175.0,106.0,3.0
180.0,103.0,3.0
170.0,104.0,3.0
188.0,100.0,3.0
179.0,108.0,3.0
175.0,102.0,3.0
181.0,101.0,3.0
180.0,104.0,3.0
189.0,103.0,3.0
172.0,106.0,3.0
170.0,107.0,3.0
173.0,100.0,3.0
171.0,101.0,3.0
186.0,106.0,3.0
173.0,102.0,3.0
173.0,104.0,3.0
172.0,106.0,3.0
181.0,106.0,3.0
187.0,102.0,3.0
176.0,108.0,3.0
189.0,108.0,3.0
172.0,104.0,3.0
185.0,108.0,3.0
178.0,106.0,3.0
188.0,107.0,3.0
188.0,107.0,3.0
175.0,103.0,3.0
184.0,103.0,3.0
179.0,108.0,3.0
181.0,100.0,3.0
171.0,105.0,3.0
176.0,102.0,3.0
172.0,109.0,3.0
176.0,103.0,3.0
174.0,106.0,3.0
173.0,100.0,3.0
187.0,108.0,3.0
173.0,108.0,3.0
179.0,101.0,3.0
175.0,103.0,3.0
170.0,108.0,3.0
170.0,108.0,3.0
188.0,109.0,3.0
172.0,102.0,3.0
175.0,108.0,3.0
186.0,109.0,3.0
178.0,107.0,3.0
183.0,108.0,3.0
188.0,100.0,3.0
172.0,105.0,3.0
174.0,109.0,3.0
173.0,103.0,3.0
172.0,100.0,3.0
177.0,104.0,3.0
174.0,101.0,3.0
172.0,106.0,3.0
181.0,108.0,3.0
172.0,101.0,3.0
187.0,104.0,3.0
176.0,106.0,3.0
178.0,103.0,3.0
175.0,100.0,3.0
170.0,103.0,3.0
178.0,100.0,3.0
185.0,109.0,3.0
176.0,107.0,3.0
189.0,107.0,3.0
182.0,103.0,3.0
181.0,107.0,3.0
189.0,105.0,3.0
173.0,106.0,3.0
184.0,106.0,3.0
173.0,101.0,3.0
185.0,108.0,3.0
180.0,101.0,3.0
182.0,103.0,3.0
170.0,106.0,3.0
174.0,109.0,3.0
189.0,100.0,3.0
188.0,107.0,3.0
173.0,105.0,3.0
181.0,109.0,3.0
172.0,109.0,3.0
178.0,100.0,3.0
173.0,104.0,3.0
185.0,105.0,3.0
177.0,108.0,3.0
189.0,108.0,3.0
171.0,108.0,3.0
179.0,105.0,3.0
172.0,103.0,3.0
172.0,101.0,3.0
171.0,105.0,3.0
188.0,100.0,3.0
184.0,106.0,3.0
184.0,105.0,3.0
181.0,105.0,3.0
185.0,103.0,3.0
175.0,101.0,3.0
170.0,105.0,3.0
185.0,109.0,3.0
178.0,107.0,3.0
177.0,103.0,3.0
173.0,100.0,3.0
185.0,107.0,3.0
187.0,109.0,3.0
180.0,107.0,3.0
184.0,107.0,3.0
181.0,109.0,3.0
179.0,102.0,3.0
170.0,100.0,3.0
177.0,105.0,3.0
180.0,109.0,3.0
177.0,108.0,3.0
186.0,100.0,3.0
188.0,100.0,3.0
182.0,107.0,3.0
176.0,103.0,3.0
184.0,101.0,3.0
182.0,103.0,3.0
178.0,104.0,3.0
174.0,109.0,3.0
184.0,103.0,3.0
189.0,100.0,3.0
173.0,102.0,3.0
182.0,105.0,3.0
182.0,104.0,3.0
170.0,104.0,3.0
175.0,108.0,3.0
185.0,107.0,3.0
186.0,109.0,3.0
181.0,109.0,3.0
184.0,109.0,3.0
170.0,102.0,3.0
185.0,106.0,3.0
184.0,107.0,3.0
186.0,104.0,3.0
170.0,104.0,3.0
171.0,104.0,3.0
186.0,100.0,3.0
174.0,100.0,3.0
183.0,101.0,3.0
188.0,106.0,3.0
177.0,107.0,3.0
184.0,102.0,3.0
171.0,108.0,3.0
173.0,109.0,3.0
188.0,104.0,3.0
181.0,100.0,3.0
173.0,101.0,3.0
183.0,104.0,3.0
176.0,102.0,3.0
188.0,103.0,3.0
185.0,108.0,3.0
176.0,102.0,3.0
170.0,105.0,3.0
170.0,107.0,3.0
175.0,102.0,3.0
174.0,107.0,3.0
186.0,105.0,3.0
172.0,100.0,3.0
174.0,101.0,3.0
171.0,102.0,3.0
178.0,101.0,3.0
172.0,101.0,3.0
187.0,104.0,3.0
185.0,107.0,3.0
182.0,108.0,3.0
175.0,104.0,3.0
175.0,101.0,3.0
174.0,105.0,3.0
188.0,104.0,3.0
173.0,106.0,3.0
177.0,102.0,3.0
184.0,107.0,3.0
177.0,107.0,3.0
176.0,100.0,3.0
184.0,100.0,3.0
177.0,108.0,3.0
181.0,106.0,3.0
177.0,109.0,3.0
178.0,106.0,3.0
185.0,104.0,3.0
176.0,103.0,3.0
173.0,101.0,3.0
183.0,100.0,3.0
181.0,109.0,3.0
177.0,101.0,3.0
178.0,105.0,3.0
189.0,106.0,3.0
180.0,106.0,3.0
188.0,100.0,3.0
177.0,104.0,3.0
189.0,108.0,3.0
185.0,100.0,3.0
179.0,103.0,3.0
180.0,103.0,3.0
177.0,101.0,3.0
185.0,101.0,3.0
184.0,102.0,3.0
186.0,100.0,3.0
173.0,105.0,3.0
172.0,101.0,3.0
186.0,100.0,3.0
185.0,105.0,3.0
181.0,107.0,3.0
174.0,104.0,3.0
186.0,100.0,3.0
188.0,108.0,3.0
171.0,103.0,3.0
181.0,102.0,3.0
170.0,101.0,3.0
183.0,102.0,3.0
187.0,102.0,3.0
175.0,107.0,3.0
178.0,103.0,3.0
171.0,104.0,3.0
181.0,100.0,3.0
189.0,100.0,3.0
175.0,106.0,3.0
182.0,106.0,3.0
181.0,104.0,3.0
170.0,101.0,3.0
174.0,105.0,3.0
178.0,108.0,3.0
175.0,104.0,3.0
178.0,106.0,3.0
173.0,102.0,3.0
179.0,104.0,3.0
171.0,108.0,3.0
182.0,105.0,3.0
184.0,100.0,3.0
189.0,108.0,3.0
179.0,104.0,3.0
170.0,108.0,3.0
187.0,109.0,3.0
187.0,104.0,3.0
176.0,106.0,3.0
182.0,105.0,3.0
181.0,109.0,3.0
171.0,108.0,3.0
186.0,105.0,3.0
185.0,103.0,3.0
176.0,101.0,3.0
174.0,101.0,3.0
184.0,101.0,3.0
185.0,106.0,3.0
184.0,108.0,3.0
179.0,101.0,3.0
174.0,109.0,3.0
173.0,109.0,3.0
184.0,103.0,3.0
177.0,107.0,3.0
188.0,101.0,3.0
174.0,101.0,3.0
178.0,100.0,3.0
171.0,106.0,3.0
171.0,108.0,3.0
173.0,105.0,3.0
172.0,101.0,3.0
180.0,102.0,3.0
185.0,107.0,3.0
188.0,106.0,3.0
179.0,109.0,3.0
188.0,105.0,3.0
179.0,105.0,3.0
172.0,103.0,3.0
185.0,106.0,3.0
173.0,102.0,3.0
187.0,105.0,3.0
175.0,100.0,3.0
172.0,106.0,3.0
178.0,108.0,3.0
175.0,100.0,3.0
175.0,101.0,3.0
173.0,103.0,3.0
184.0,109.0,3.0
176.0,104.0,3.0
174.0,104.0,3.0
185.0,102.0,3.0
184.0,104.0,3.0
173.0,103.0,3.0
185.0,104.0,3.0
170.0,105.0,3.0
177.0,107.0,3.0
179.0,108.0,3.0
173.0,104.0,3.0
188.0,109.0,3.0
179.0,106.0,3.0
189.0,105.0,3.0
183.0,106.0,3.0
175.0,102.0,3.0
178.0,101.0,3.0
181.0,104.0,3.0
186.0,101.0,3.0
186.0,103.0,3.0
176.0,109.0,3.0
171.0,106.0,3.0
171.0,106.0,3.0
179.0,108.0,3.0
178.0,104.0,3.0
175.0,107.0,3.0
177.0,100.0,3.0
171.0,108.0,3.0
170.0,106.0,3.0
184.0,109.0,3.0
171.0,102.0,3.0
171.0,105.0,3.0
189.0,108.0,3.0
174.0,105.0,3.0
188.0,109.0,3.0
182.0,100.0,3.0
182.0,104.0,3.0
175.0,107.0,3.0
188.0,101.0,3.0
185.0,108.0,3.0
175.0,100.0,3.0
180.0,109.0,3.0
189.0,109.0,3.0
171.0,104.0,3.0
182.0,105.0,3.0
175.0,101.0,3.0
184.0,106.0,3.0
186.0,106.0,3.0
187.0,103.0,3.0
186.0,102.0,3.0
189.0,108.0,3.0
172.0,108.0,3.0
189.0,105.0,3.0
178.0,106.0,3.0
173.0,104.0,3.0
179.0,107.0,3.0
184.0,108.0,3.0
188.0,102.0,3.0
176.0,106.0,3.0
184.0,104.0,3.0
172.0,103.0,3.0
187.0,101.0,3.0
185.0,105.0,3.0
171.0,100.0,3.0
174.0,104.0,3.0
188.0,106.0,3.0
184.0,104.0,3.0
189.0,108.0,3.0
185.0,109.0,3.0
184.0,109.0,3.0
179.0,100.0,3.0
174.0,102.0,3.0
181.0,102.0,3.0
186.0,103.0,3.0
183.0,106.0,3.0
187.0,105.0,3.0
171.0,103.0,3.0
186.0,109.0,3.0
188.0,105.0,3.0
176.0,106.0,3.0
186.0,101.0,3.0
186.0,104.0,3.0
186.0,102.0,3.0
188.0,107.0,3.0
182.0,108.0,3.0
173.0,100.0,3.0
181.0,100.0,3.0
184.0,107.0,3.0
176.0,101.0,3.0
174.0,107.0,3.0
189.0,104.0,3.0
177.0,105.0,3.0
187.0,108.0,3.0
175.0,103.0,3.0
179.0,100.0,3.0
182.0,104.0,3.0
187.0,103.0,3.0
176.0,105.0,3.0
172.0,100.0,3.0
189.0,104.0,3.0
184.0,103.0,3.0
187.0,107.0,3.0
171.0,101.0,3.0
179.0,104.0,3.0
176.0,100.0,3.0
185.0,105.0,3.0
186.0,103.0,3.0
179.0,104.0,3.0
179.0,104.0,3.0
182.0,102.0,3.0
175.0,101.0,3.0
184.0,102.0,3.0
181.0,100.0,3.0
189.0,104.0,3.0
187.0,107.0,3.0
182.0,100.0,3.0
181.0,107.0,3.0
173.0,109.0,3.0
172.0,101.0,3.0
183.0,100.0,3.0
183.0,104.0,3.0
181.0,102.0,3.0
182.0,109.0,3.0
185.0,100.0,3.0
179.0,100.0,3.0
175.0,108.0,3.0
177.0,102.0,3.0
179.0,103.0,3.0
174.0,101.0,3.0
177.0,102.0,3.0
182.0,104.0,3.0
176.0,107.0,3.0
188.0,108.0,3.0
187.0,105.0,3.0
179.0,106.0,3.0
185.0,105.0,3.0
181.0,101.0,3.0
173.0,103.0,3.0
171.0,109.0,3.0
180.0,109.0,3.0
178.0,109.0,3.0
184.0,100.0,3.0
183.0,105.0,3.0
174.0,106.0,3.0
179.0,106.0,3.0
171.0,100.0,3.0
182.0,105.0,3.0
189.0,103.0,3.0
181.0,100.0,3.0
178.0,105.0,3.0
171.0,101.0,3.0
172.0,108.0,3.0
184.0,103.0,3.0
189.0,107.0,3.0
187.0,103.0,3.0
174.0,101.0,3.0
180.0,108.0,3.0
170.0,106.0,3.0
177.0,107.0,3.0
173.0,105.0,3.0
187.0,109.0,3.0
177.0,101.0,3.0
181.0,105.0,3.0
183.0,103.0,3.0
188.0,106.0,3.0
171.0,105.0,3.0
171.0,102.0,3.0
187.0,101.0,3.0
175.0,109.0,3.0
183.0,104.0,3.0
174.0,103.0,3.0
184.0,105.0,3.0
178.0,104.0,3.0
178.0,105.0,3.0
171.0,109.0,3.0
170.0,109.0,3.0
183.0,101.0,3.0
175.0,106.0,3.0
182.0,102.0,3.0
183.0,100.0,3.0
183.0,100.0,3.0
188.0,107.0,3.0
189.0,100.0,3.0
185.0,109.0,3.0
176.0,105.0,3.0
170.0,105.0,3.0
171.0,104.0,3.0
178.0,102.0,3.0
181.0,107.0,3.0
177.0,109.0,3.0
178.0,108.0,3.0
172.0,102.0,3.0
180.0,105.0,3.0
170.0,104.0,3.0
184.0,103.0,3.0
184.0,109.0,3.0
189.0,109.0,3.0
173.0,109.0,3.0
175.0,108.0,3.0
188.0,107.0,3.0
181.0,108.0,3.0
183.0,109.0,3.0
172.0,104.0,3.0
182.0,108.0,3.0
185.0,109.0,3.0
178.0,107.0,3.0
185.0,104.0,3.0
186.0,107.0,3.0
175.0,105.0,3.0
177.0,108.0,3.0
182.0,100.0,3.0
175.0,102.0,3.0
184.0,104.0,3.0
188.0,106.0,3.0
176.0,107.0,3.0
178.0,102.0,3.0
181.0,101.0,3.0
185.0,109.0,3.0
178.0,108.0,3.0
175.0,102.0,3.0
182.0,102.0,3.0
